,MUNICIPIO,DEPARTAMENTO,POBLACIÓN DANE,CATEGORÍA
0,COVEÑAS,SUCRE,20892,4
1,RAQUIRA,BOYACA,8341,6
2,LA JAGUA IBIRICO,CESAR,52623,5
3,COTORRA,CORDOBA,20139,6
4,COGUA,CUNDINAMARCA,25209,5
5,LEJANIAS    ,DEPARTAMENTO DEL META,12188,6
6,TEORAMA,NORTE DE SANTANDER,18351,6
7,OIBA,SANTANDER,10968,6
8,LA UNION   ,SUCRE,14046,6
9,FORTUL     ,ARAUCA,23417,6
10,MEDELLIN,ANTIOQUIA,2572350,ESP
11,OLAYA,ANTIOQUIA,3269,6
12,"CARTAGENA DE INDIAS, DISTRITO TURISTICO Y CULTURAL",BOLIVAR,1043185,ESP
13,FLORENCIA,CAQUETA,176630,2
14,POPAYAN,CAUCA,335826,1
15,TERUEL,HUILA,8486,6
16,RIOHACHA ,GUAJIRA,217719,3
17,"SANTA MARTA, DISTRITO TURISTICO, CULTURAL E HISTORICO",MAGDALENA,548202,1
18,CUCUTA,NORTE DE SANTANDER,798411,1
19,ARMENIA,QUINDIO,306147,1
20,PEREIRA,RISARALDA,480739,1
21,BUCARAMANGA,SANTANDER,610125,ESP
22,BOLIVAR ,SANTANDER,11716,6
23,SINCELEJO,SUCRE,306168,2
24,ARAUCA,ARAUCA,97771,4
25,SAN JOSE DEL GUAVIARE,GUAVIARE,59555,6
26,LA VEGA,CUNDINAMARCA,19362,6
27,ONZAGA,SANTANDER,4237,6
28,COLON(GENOVA),NARIÑO,8783,6
29,ABREGO,NORTE DE SANTANDER,35419,6
30,LA VICTORIA,VALLE DEL CAUCA,12445,6
31,REMEDIOS    ,ANTIOQUIA,30001,5
32,BOYACA  ,BOYACA,5342,6
33,TIBACUY,CUNDINAMARCA,4848,6
34,CONCORDIA,MAGDALENA,11590,6
35,LEIVA    ,NARIÑO,10078,6
36,SANTA BARBARA,SANTANDER,2483,6
37,GIRALDO,ANTIOQUIA,5857,6
38,REPELON,ATLANTICO,28493,6
39,BRICEÑO,BOYACA,2274,6
40,VENECIA (OSPINA PEREZ),CUNDINAMARCA,4726,6
41,ACACIAS,DEPARTAMENTO DEL META,94160,3
42,OSPINA,NARIÑO,7346,6
43,CONVENCION,NORTE DE SANTANDER,20752,6
44,LEBRIJA ,SANTANDER,45198,5
45,GINEBRA,VALLE DEL CAUCA,24831,6
46,TIMBIO,CAUCA,37268,6
47,TIERRALTA,CORDOBA,97997,6
48,GIRARDOT,CUNDINAMARCA,115482,2
49,LENGUAZAQUE,CUNDINAMARCA,11369,6
50,SANTA ANA,MAGDALENA,27319,6
51,CONCEPCION,SANTANDER,5948,6
52,GIRON ,SANTANDER,172797,2
53,SAN MARCOS,SUCRE,60925,6
54,CONCORDIA ,ANTIOQUIA,22352,6
55,TITIRIBI,ANTIOQUIA,11183,6
56,BUCARASICA,NORTE DE SANTANDER,7122,6
57,CONFINES ,SANTANDER,3221,6
58,GOMEZ PLATA,ANTIOQUIA,10225,6
59,GONZALEZ,CESAR,4739,6
60,EL MOLINO,GUAJIRA,8237,6
61,BUESACO,NARIÑO,24726,6
62,LIBORINA,ANTIOQUIA,10466,6
63,PACHAVITA,BOYACA,2567,6
64,AGUACHICA,CESAR,124064,4
65,VISTA HERMOSA,DEPARTAMENTO DEL META,18794,6
66,CONTRATACION,SANTANDER,3803,6
67,COPACABANA,ANTIOQUIA,82781,3
68,RICAURTE,CUNDINAMARCA,14826,3
69,RICAURTE,NARIÑO,20436,6
70,AGUSTIN CODAZZI,CESAR,68472,5
71,GRAMALOTE,NORTE DE SANTANDER,8180,6
72,AGUADA,SANTANDER,1924,6
73,COTA,CUNDINAMARCA,37793,2
74,GUADALUPE,ANTIOQUIA,6860,6
75,RIONEGRO,ANTIOQUIA,144418,1
76,CORRALES ,BOYACA,2631,6
77,TOCAIMA,CUNDINAMARCA,17690,6
78,RIONEGRO,SANTANDER,26718,6
79,COROZAL,SUCRE,69840,6
80,PAIPA,BOYACA,35687,5
81,GUACHETA,CUNDINAMARCA,15007,6
82,TOCANCIPA,CUNDINAMARCA,45491,2
83,GUARNE   ,ANTIOQUIA,58715,2
84,COVARACHIA,BOYACA,2884,6
85,PAJARITO,BOYACA,2493,6
86,PAIME,CUNDINAMARCA,4589,6
87,SASAIMA,CUNDINAMARCA,12115,6
88,GUAMAL,DEPARTAMENTO DEL META,15133,6
89,PAMPLONA,NORTE DE SANTANDER,55858,6
90,GUACA,SANTANDER,6193,6
91,LOS SANTOS,SANTANDER,15215,6
92,GUACARI,VALLE DEL CAUCA,35239,6
93,TOLEDO ,ANTIOQUIA,5185,6
94,GUAMO,TOLIMA,34495,6
95,CACERES,ANTIOQUIA,30642,6
96,TOPAGA,BOYACA,3797,6
97,CABRERA,CUNDINAMARCA,5322,6
98,GUADUAS,CUNDINAMARCA,34726,6
99,LA JAGUA DEL PILAR,GUAJIRA,3973,6
100,SANTA BARBARA DE PINTO,MAGDALENA,11461,6
101,PAMPLONITA     ,NORTE DE SANTANDER,6105,6
102,SARDINATA,NORTE DE SANTANDER,28397,6
103,TOLEDO,NORTE DE SANTANDER,17340,6
104,SANTA HELENA DEL OPÓN,SANTANDER,3514,6
105,TONA    ,SANTANDER,7560,6
106,TOLU,SUCRE,34135,6
107,PALMIRA,VALLE DEL CAUCA,358091,1
108,CRAVO NORTE,ARAUCA,4434,6
109,ALEJANDRIA ,ANTIOQUIA,4874,6
110,ROBLES (LA PAZ),CESAR,31254,6
111,ROBERTO PAYAN,NARIÑO,13159,6
112,PANQUEBA ,BOYACA,1762,6
113,GUAPOTA,SANTANDER,2464,6
114,PALMAR,SANTANDER,1475,6
115,CAICEDONIA ,VALLE DEL CAUCA,29454,6
116,SATIVASUR,BOYACA,1138,6
117,CUCUTILLA,NORTE DE SANTANDER,9087,6
118,TORO,VALLE DEL CAUCA,14928,6
119,PALESTINA,CALDAS,15875,6
120,PANDI,CUNDINAMARCA,5587,6
121,CABUYARO,DEPARTAMENTO DEL META,6479,6
122,PALMAS DEL SOCORRO,SANTANDER,2618,6
123,ALPUJARRA,TOLIMA,4692,6
124,CACOTA,NORTE DE SANTANDER,3122,6
125,MACARAVITA,SANTANDER,2229,6
126,CAJICA,CUNDINAMARCA,95257,2
127,GUATAVITA,CUNDINAMARCA,7145,6
128,ALTAMIRA,HUILA,4504,6
129,CUMBAL,NARIÑO,38373,6
130,GÜEPSA,SANTANDER,5314,6
131,SABANALARGA   ,ANTIOQUIA,9491,6
132,GUAYABAL DE SIQUIMA,CUNDINAMARCA,5012,6
133,CACHIRA    ,NORTE DE SANTANDER,12296,6
134,CALDAS,ANTIOQUIA,84631,3
135,CURITI,SANTANDER,13118,6
136,MAGANGUE,BOLIVAR,143690,5
137,MADRID,CUNDINAMARCA,130375,2
138,CHALAN,SUCRE,4731,6
139,OROCUE,CASANARE,13590,6
140,CALDAS ,BOYACA,3259,6
141,GUICAN,BOYACA,4441,6
142,PATIA (EL BORDO),CAUCA,38548,6
143,MALAMBO,ATLANTICO,141246,3
144,MAHATES,BOLIVAR,29829,6
145,PAYA,BOYACA,2737,6
146,PIAMONTE,CAUCA,9595,6
147,PARAMO,SANTANDER,4851,6
148,EL ROBLE,SUCRE,10182,6
149,CAMPAMENTO,ANTIOQUIA,9587,6
150,TULUA ,VALLE DEL CAUCA,230830,2
151,CAMPOHERMOSO,BOYACA,3231,6
152,TURMEQUE,BOYACA,6391,6
153,PASCA,CUNDINAMARCA,10197,6
154,SEGOVIA,ANTIOQUIA,40231,2
155,CHIVOR,BOYACA,2604,6
156,SESQUILE,CUNDINAMARCA,13060,6
157,ANCUYA,NARIÑO,8987,6
158,SEVILLA,VALLE DEL CAUCA,43531,6
159,SARAVENA,ARAUCA,63196,6
160,TURBO,ANTIOQUIA,132225,5
161,PAZ DEL RIO ,BOYACA,4426,6
162,TUTA ,BOYACA,8742,6
163,CALDONO,CAUCA,42368,6
164,TURBANA,BOLIVAR,17641,6
165,DUITAMA,BOYACA,130212,3
166,EL COPEY,CESAR,33782,6
167,MEDINA,CUNDINAMARCA,8820,6
168,GUTIERREZ,CUNDINAMARCA,3807,6
169,UBALA,CUNDINAMARCA,8448,6
170,DURANIA,NORTE DE SANTANDER,5082,6
171,MARINILLA,ANTIOQUIA,68738,3
172,ANOLAIMA,CUNDINAMARCA,15521,6
173,SIBATE,CUNDINAMARCA,38444,4
174,POLICARPA,NARIÑO,10230,6
175,PUERTO NARIÑO,AMAZONAS,10587,6
176,UBAQUE,CUNDINAMARCA,7482,6
177,ANSERMA DE LOS CABALLEROS,CALDAS,37154,6
178,MARMATO,CALDAS,9190,6
179,CALOTO,CAUCA,30865,5
180,SILVANIA,CUNDINAMARCA,24522,6
181,UBATE,CUNDINAMARCA,48913,5
182,SILOS,NORTE DE SANTANDER,6955,6
183,EL AGUILA ,VALLE DEL CAUCA,9116,6
184,EL COCUY,BOYACA,4354,6
185,HACARI,NORTE DE SANTANDER,11310,6
186,CARAMANTA ,ANTIOQUIA,4869,6
187,VILLA RICA,CAUCA,21727,5
188,UNE ,CUNDINAMARCA,7808,6
189,EL CALVARIO,DEPARTAMENTO DEL META,1843,6
190,EL CARMEN,NORTE DE SANTANDER,14788,6
191,EL GUACAMAYO ,SANTANDER,2244,6
192,SIMACOTA,SANTANDER,10598,6
193,EL CAIRO,VALLE DEL CAUCA,6993,6
194,EL DONCELLO,CAQUETA,20042,6
195,HERRAN,NORTE DE SANTANDER,7683,6
196,PIEDECUESTA,SANTANDER,188698,2
197,PIEDRAS,TOLIMA,6993,6
198,CARTAGO,VALLE DEL CAUCA,142456,2
199,CARMEN DE VIBORAL,ANTIOQUIA,63183,2
200,EL ESPINO,BOYACA,3166,6
201,PIENDAMO    ,CAUCA,43035,6
202,CAPARRAPI,CUNDINAMARCA,13887,6
203,PIOJO,ATLANTICO,7207,6
204,SAN BERNARDO ,CUNDINAMARCA,9390,6
205,PINCHOTE,SANTANDER,5407,6
206,MELGAR,TOLIMA,37828,4
207,EL BAGRE,ANTIOQUIA,55363,4
208,PISBA  ,BOYACA,1847,6
209,ARANZAZU,CALDAS,10735,6
210,PELAYA,CESAR,23351,6
211,CASTILLA LA NUEVA,DEPARTAMENTO DEL META,15447,6
212,EL TARRA,NORTE DE SANTANDER,23058,6
213,EL PEÑON,SANTANDER,5319,6
214,PAZ DE ARIPORO ,CASANARE,39661,6
215,PITALITO,HUILA,132521,3
216,ARBOLEDA (BERRUECOS),NARIÑO,8979,6
217,ARATOCA ,SANTANDER,8580,6
218,SOATA,BOYACA,9295,6
219,SAN VICENTE DEL CAGUAN,CAQUETA,53730,6
220,SAN CAYETANO,CUNDINAMARCA,5368,6
221,SAN JACINTO,BOLIVAR,25459,6
222,SOACHA,CUNDINAMARCA,758113,1
223,EL PEÑOL,NARIÑO,7679,6
224,VALLE DE SAN JUAN,TOLIMA,5481,6
225,ARGELIA,VALLE DEL CAUCA,5526,6
226,SOCOTA,BOYACA,7556,6
227,MIRANDA,CAUCA,33022,5
228,URUMITA ,GUAJIRA,12320,6
229,SABANA DE TORRES    ,SANTANDER,34395,6
230,SOCORRO     ,SANTANDER,35208,6
231,VALLE SAN JOSE     ,SANTANDER,6304,6
232,ARMERO (GUAYABAL),TOLIMA,13394,6
233,SAN JERONIMO,ANTIOQUIA,16220,6
234,SONSON,ANTIOQUIA,37850,5
235,MISTRATO,RISARALDA,17498,6
236,SOLEDAD,ATLANTICO,669038,2
237,SAN FRANCISCO,CUNDINAMARCA,12278,6
238,EL PIÑON,MAGDALENA,25042,6
239,ITAGUI,ANTIOQUIA,294328,1
240,MILAN,CAQUETA,10186,6
241,SOTARÁ (PAISPAMBA),CAUCA,14699,6
242,BOSCONIA,CESAR,45247,6
243,SAHAGUN,CORDOBA,114033,6
244,SAN JOSE DEL PALMAR,CHOCO,5500,6
245,SALADOBLANCO,HUILA,11124,6
246,MANAURE,GUAJIRA,95275,4
247,POTOSI ,NARIÑO,10658,6
248,SALAZAR ,NORTE DE SANTANDER,11440,6
249,CEPITA   ,SANTANDER,2086,6
250,ITUANGO,ANTIOQUIA,28393,6
251,VENTAQUEMADA,BOYACA,16662,6
252,EL ZULIA,NORTE DE SANTANDER,30258,6
253,VELEZ,SANTANDER,25857,6
254,SORA ,BOYACA,3178,6
255,VERGARA,CUNDINAMARCA,7559,6
256,CERRITO,SANTANDER,7001,6
257,SOTAQUIRA,BOYACA,8601,6
258,JARDIN,ANTIOQUIA,15257,6
259,MOMIL,CORDOBA,20727,6
260,MOGOTES,SANTANDER,10714,6
261,JAMUNDI ,VALLE DEL CAUCA,179813,2
262,ARAUQUITA,ARAUCA,61285,6
263,ENVIGADO ,ANTIOQUIA,244188,1
264,MONGUI,BOYACA,4397,6
265,ENCISO,SANTANDER,3595,6
266,TARAIRA,VAUPES,2481,6
267,SAN RAFAEL    ,ANTIOQUIA,16352,6
268,JENESANO,BOYACA,7601,6
269,VIANI,CUNDINAMARCA,4887,6
270,CHARALA,SANTANDER,12618,6
271,VETAS,SANTANDER,2319,6
272,ATACO,TOLIMA,19890,6
273,JERICO,ANTIOQUIA,14211,6
274,AYAPEL,CORDOBA,48476,6
275,CHIMA,CORDOBA,18670,6
276,CHAGUANI,CUNDINAMARCA,4634,6
277,EL RETEN,MAGDALENA,21406,6
278,PUERTO GAITAN  ,DEPARTAMENTO DEL META,44852,2
279,JESUS MARIA,SANTANDER,3411,6
280,PUERTO ASIS     ,PUTUMAYO,70830,6
281,MONIQUIRA,BOYACA,23841,6
282,FACATATIVA,CUNDINAMARCA,161165,2
283,CHARTA,SANTANDER,2968,6
284,SAN ANDRES ,SANTANDER,9001,6
285,VIJES,VALLE DEL CAUCA,13206,6
286,PUERTO CAICEDO,PUTUMAYO,16563,6
287,PUEBLO NUEVO,CORDOBA,37956,6
288,SUAZA,HUILA,23300,6
289,CHIVOLO,MAGDALENA,24291,6
290,SAN CALIXTO,NORTE DE SANTANDER,14081,6
291,JORDAN,SANTANDER,1376,6
292,SAMPUES,SUCRE,51813,6
293,SALDAÑA,TOLIMA,14808,6
294,CHINAVITA,BOYACA,3348,6
295,CHINACOTA,NORTE DE SANTANDER,19473,6
296,PUENTE NACIONAL,SANTANDER,15338,6
297,PUERTO COLOMBIA,ATLANTICO,54401,3
298,PUERTO TEJADA,CAUCA,43624,5
299,MOSQUERA,CUNDINAMARCA,146795,1
300,VILLAPINZON      ,CUNDINAMARCA,19410,6
301,PUERTO LOPEZ,DEPARTAMENTO DEL META,32577,5
302,MOSQUERA,NARIÑO,12461,6
303,SAN CAYETANO,NORTE DE SANTANDER,7943,6
304,SAN BENITO ,SANTANDER,3037,6
305,CHITAGA    ,NORTE DE SANTANDER,13054,6
306,VILLA DEL ROSARIO,NORTE DE SANTANDER,114196,4
307,CHIA,CUNDINAMARCA,153130,1
308,SALAMINA,MAGDALENA,11835,6
309,BALBOA,RISARALDA,6476,6
310,FLANDES,TOLIMA,29954,5
311,CHIQUINQUIRA ,BOYACA,59518,5
312,MOTAVITA,BOYACA,5884,6
313,SAN MIGUEL DE SEMA,BOYACA,3130,6
314,FLORIDABLANCA ,SANTANDER,332053,1
315,LABRANZAGRANDE,BOYACA,3659,6
316,LA CALERA,CUNDINAMARCA,34178,4
317,SUPATA,CUNDINAMARCA,5833,6
318,PUERTO LLERAS,DEPARTAMENTO DEL META,11125,6
319,LABATECA,NORTE DE SANTANDER,7047,6
320,BARBOSA,SANTANDER,32613,6
321,SAN CARLOS,CORDOBA,28642,6
322,LA ARGENTINA,HUILA,13714,6
323,HATONUEVO ,GUAJIRA,23409,6
324,LA CRUZ,NARIÑO,19286,6
325,SAN LUIS,TOLIMA,13405,6
326,BARBOSA    ,ANTIOQUIA,55137,4
327,PUERTO BERRIO,ANTIOQUIA,41480,6
328,BUENAVISTA,CORDOBA,22379,6
329,FOMEQUE,CUNDINAMARCA,13495,6
330,SUSA,CUNDINAMARCA,7260,6
331,FONSECA,GUAJIRA,49072,6
332,CHIPATA,SANTANDER,5273,6
333,SAN GIL,SANTANDER,62294,5
334,CHISCAS ,BOYACA,4114,6
335,LA CAPILLA,BOYACA,2796,6
336,ZONA BANANERA,MAGDALENA,76208,6
337,MUTISCUA,NORTE DE SANTANDER,4750,6
338,CHOACHI,CUNDINAMARCA,12306,6
339,FOSCA,CUNDINAMARCA,6447,6
340,SUTATAUSA,CUNDINAMARCA,6718,6
341,CHINU,CORDOBA,50701,6
342,SANTA ROSA DE CABAL,RISARALDA,79651,4
343,SAN JOAQUIN,SANTANDER,2280,6
344,CHITA,BOYACA,8210,6
345,BELEN,NARIÑO,6595,6
346,LA CELIA,RISARALDA,7634,6
347,FRESNO,TOLIMA,31847,6
348,SAN JOSE DE MIRANDA,SANTANDER,4389,6
349,YAGUARA,HUILA,8133,6
350,YACUANQUER,NARIÑO,11347,6
351,LANDAZURI,SANTANDER,10555,6
352,BELMIRA,ANTIOQUIA,6294,6
353,SANTA ROSA DE OSOS,ANTIOQUIA,38420,5
354,SAN PELAYO,CORDOBA,54160,6
355,BELTRAN,CUNDINAMARCA,2010,6
356,FUNZA,CUNDINAMARCA,108026,1
357,LA MESA,CUNDINAMARCA,37487,5
358,TAMINANGO,NARIÑO,18375,6
359,SAN MIGUEL ,SANTANDER,2647,6
360,SANTA ISABEL,TOLIMA,5760,6
361,YARUMAL    ,ANTIOQUIA,43702,5
362,BELEN ,BOYACA,7841,6
363,CHIVATA,BOYACA,2933,6
364,FUENTE DE ORO,DEPARTAMENTO DEL META,13000,6
365,FUQUENE,CUNDINAMARCA,5487,6
366,NILO,CUNDINAMARCA,12336,6
367,FUNDACION,MAGDALENA,73170,6
368,TAMESIS,ANTIOQUIA,16881,6
369,CIENEGA ,BOYACA,4847,6
370,NIMAIMA,CUNDINAMARCA,4005,6
371,SAN VICENTE DE CHUCURI,SANTANDER,35827,6
372,LA PINTADA,ANTIOQUIA,8459,6
373,BERBEO,BOYACA,1653,6
374,FLORENCIA,CAUCA,5400,6
375,FUSAGASUGA  ,CUNDINAMARCA,159734,2
376,OLAYA HERRERA   ,NARIÑO,26110,6
377,CIRCASIA,QUINDIO,29329,6
378,SALENTO,QUINDIO,9685,6
379,CIMITARRA,SANTANDER,35122,6
380,YOTOCO,VALLE DEL CAUCA,16391,6
381,PUERTO TRIUNFO,ANTIOQUIA,19222,6
382,NOCAIMA,CUNDINAMARCA,6838,6
383,NOVITA,CHOCO,10008,6
384,PUERTO RONDON ,ARAUCA,5088,6
385,LA SIERRA,CAUCA,11147,6
386,YUMBO,VALLE DEL CAUCA,108587,1
387,BETULIA,ANTIOQUIA,16320,6
388,YONDÓ (CASABE),ANTIOQUIA,20406,5
389,GACHANTIVA,BOYACA,2905,6
390,GACHALA,CUNDINAMARCA,4821,6
391,TAUSA,CUNDINAMARCA,9105,6
392,SAN PABLO,NARIÑO,15712,6
393,ZAMBRANO,BOLIVAR,12672,6
394,NUEVO COLON  ,BOYACA,5364,6
395,QUETAME,CUNDINAMARCA,5648,6
396,QUINCHIA,RISARALDA,27812,6
397,TAME,ARAUCA,52437,6
398,ZARAGOZA,ANTIOQUIA,25772,6
399,GAMARRA,CESAR,16842,6
400,BITUIMA,CUNDINAMARCA,2747,6
401,ZAPATOCA,SANTANDER,9845,6
402,GALAPA   ,ATLANTICO,67306,4
403,QUIPILE,CUNDINAMARCA,6917,6
404,GALAN,SANTANDER,2986,6
405,EL SANTUARIO,ANTIOQUIA,37481,6
406,BOAVITA,BOYACA,5305,6
407,GACHETA,CUNDINAMARCA,9279,6
408,TESALIA,HUILA,11318,6
409,LA PAZ,SANTANDER,5147,6
410,TENZA ,BOYACA,4013,6
411,LA PEÑA,CUNDINAMARCA,6557,6
412,GARZON,HUILA,76848,5
413,LA PLAYA,NORTE DE SANTANDER,8562,6
414,OCAÑA,NORTE DE SANTANDER,132949,4
415,GAMBITA,SANTANDER,4160,6
416,RAMIRIQUI,BOYACA,10436,6
417,BOJACA,CUNDINAMARCA,11440,6
418,GAMA,CUNDINAMARCA,3441,6
419,APULO (RAFAEL REYES),CUNDINAMARCA,9234,6
420,ZIPAQUIRA,CUNDINAMARCA,150507,2
421,TELLO,HUILA,12444,6
422,BOCHALEMA,NORTE DE SANTANDER,9188,6
423,RAGONVALIA,NORTE DE SANTANDER,6613,6
424,GUACHENE,CAUCA,20187,4
425,SAN JOSÉ DE URÉ,CORDOBA,14435,6
426,PROVIDENCIA,ARCHIPIELAGO DE SAN ANDRES,5937,5
427,LETICIA,AMAZONAS,53201,5
428,ABRIAQUI,ANTIOQUIA,2804,6
429,AMAGA,ANTIOQUIA,31851,5
430,AMALFI,ANTIOQUIA,27398,6
431,ANDES,ANTIOQUIA,45394,6
432,ANGELOPOLIS,ANTIOQUIA,6010,6
433,ANGOSTURA,ANTIOQUIA,11909,6
434,ANORI,ANTIOQUIA,19349,6
435,ANZA     ,ANTIOQUIA,7341,6
436,APARTADO,ANTIOQUIA,129245,3
437,ARBOLETES,ANTIOQUIA,31470,6
438,ARGELIA,ANTIOQUIA,7903,6
439,ARMENIA,ANTIOQUIA,5314,6
440,BELLO,ANTIOQUIA,557071,1
441,BETANIA,ANTIOQUIA,10718,6
442,BRICEÑO,ANTIOQUIA,8389,6
443,BURITICA,ANTIOQUIA,9849,6
444,CAICEDO,ANTIOQUIA,8727,6
445,CAÑASGORDAS,ANTIOQUIA,16097,6
446,CARACOLI ,ANTIOQUIA,4744,6
447,CAREPA,ANTIOQUIA,51328,6
448,CAROLINA DEL PRINCIPE,ANTIOQUIA,4154,6
449,CAUCASIA,ANTIOQUIA,96148,5
450,CHIGORODO,ANTIOQUIA,61211,6
451,CISNEROS,ANTIOQUIA,10253,6
452,CIUDAD BOLIVAR,ANTIOQUIA,27229,6
453,COCORNA,ANTIOQUIA,16201,6
454,CONCEPCION ,ANTIOQUIA,4965,6
455,DABEIBA,ANTIOQUIA,24168,6
456,DON MATIAS    ,ANTIOQUIA,20020,6
457,EBEJICO,ANTIOQUIA,12605,6
458,ENTRERRIOS,ANTIOQUIA,11873,6
459,FREDONIA    ,ANTIOQUIA,25541,6
460,FRONTINO ,ANTIOQUIA,21525,6
461,GIRARDOTA   ,ANTIOQUIA,54986,2
462,GRANADA,ANTIOQUIA,10587,6
463,GUATAPE,ANTIOQUIA,8862,6
464,HELICONIA   ,ANTIOQUIA,5636,6
465,HISPANIA    ,ANTIOQUIA,5742,6
466,LA CEJA,ANTIOQUIA,69202,2
467,LA ESTRELLA ,ANTIOQUIA,76291,2
468,LA UNION ,ANTIOQUIA,22692,6
469,MACEO  ,ANTIOQUIA,8559,6
470,MONTEBELLO,ANTIOQUIA,6906,6
471,MURINDO,ANTIOQUIA,5235,6
472,MUTATA,ANTIOQUIA,14775,6
473,NARIÑO,ANTIOQUIA,10629,6
474,NECHI,ANTIOQUIA,27451,6
475,NECOCLI,ANTIOQUIA,44743,6
476,PEÑOL,ANTIOQUIA,22217,6
477,PEQUE,ANTIOQUIA,8504,6
478,PUEBLORRICO,ANTIOQUIA,9041,6
479,PUERTO NARE (LA MAGDALENA),ANTIOQUIA,14993,6
480,RETIRO ,ANTIOQUIA,25017,3
481,SABANETA,ANTIOQUIA,88227,1
482,SALGAR ,ANTIOQUIA,18981,6
483,SAN ANDRES,ANTIOQUIA,7531,6
484,SAN CARLOS,ANTIOQUIA,16687,6
485,SAN FRANCISCO,ANTIOQUIA,5901,6
486,SAN JOSE DE LA MONTAÑA,ANTIOQUIA,3851,6
487,SAN JUAN DE URABA,ANTIOQUIA,21338,6
488,SAN LUIS,ANTIOQUIA,13564,6
489,SAN PEDRO,ANTIOQUIA,23193,5
490,SAN PEDRO DE URABA   ,ANTIOQUIA,32615,6
491,SAN ROQUE,ANTIOQUIA,22563,6
492,SAN VICENTE,ANTIOQUIA,23140,6
493,SANTA BARBARA,ANTIOQUIA,27493,6
494,SANTA FE DE ANTIOQUIA,ANTIOQUIA,27596,5
495,SANTO DOMINGO,ANTIOQUIA,12836,6
496,SOPETRAN,ANTIOQUIA,15826,6
497,TARAZA,ANTIOQUIA,28611,6
498,TARSO,ANTIOQUIA,6424,6
499,URAMITA,ANTIOQUIA,7153,6
500,URRAO,ANTIOQUIA,31602,6
501,VALDIVIA,ANTIOQUIA,14455,6
502,VALPARAISO ,ANTIOQUIA,6820,6
503,VEGACHI,ANTIOQUIA,12337,6
504,VENECIA,ANTIOQUIA,12107,6
505,VIGIA DEL FUERTE,ANTIOQUIA,9583,6
506,YALI    ,ANTIOQUIA,7957,6
507,YOLOMBO   ,ANTIOQUIA,23605,6
508,ABEJORRAL,ANTIOQUIA                         ,21109,6
509,BARANOA,ATLANTICO,68424,6
510,"BARRANQUILLA, DISTRITO ESPECIAL, INDUSTRIAL Y PORTUARIO",ATLANTICO,1310163,ESP
511,CAMPO DE LA CRUZ,ATLANTICO,24596,6
512,CANDELARIA,ATLANTICO,17430,6
513,JUAN DE ACOSTA,ATLANTICO,23131,6
514,LURUACO,ATLANTICO,30640,6
515,MANATI,ATLANTICO,21488,6
516,PALMAR DE VARELA,ATLANTICO,31754,6
517,POLO NUEVO    ,ATLANTICO,19840,6
518,PONEDERA,ATLANTICO,26184,6
519,SABANAGRANDE,ATLANTICO,35630,6
520,SABANALARGA,ATLANTICO,102325,5
521,SANTA LUCIA,ATLANTICO,17593,6
522,SANTO TOMAS,ATLANTICO,32717,6
523,SUAN,ATLANTICO,12959,6
524,TUBARA ,ATLANTICO,18955,6
525,USIACURI,ATLANTICO,13438,6
526,ACHI,BOLIVAR,26741,6
527,ALTOS DEL ROSARIO,BOLIVAR,11953,6
528,ARENAL,BOLIVAR,7853,6
529,ARJONA,BOLIVAR,74773,6
530,ARROYOHONDO,BOLIVAR,8694,6
531,BARRANCO DE LOBA,BOLIVAR,15988,6
532,CALAMAR,BOLIVAR,24331,6
533,CANTAGALLO,BOLIVAR,8937,6
534,CICUCO,BOLIVAR,14555,6
535,CLEMENCIA,BOLIVAR,15912,6
536,CORDOBA,BOLIVAR,17228,6
537,EL CARMEN DE BOLIVAR,BOLIVAR,75188,6
538,EL GUAMO,BOLIVAR,9314,6
539,EL PEÑON,BOLIVAR,8006,6
540,HATILLO DE LOBA,BOLIVAR,13046,6
541,MARGARITA,BOLIVAR,11572,6
542,MARIA LA BAJA,BOLIVAR,49995,6
543,MONTECRISTO,BOLIVAR,18045,6
544,MORALES,BOLIVAR,24345,6
545,NOROSÍ,BOLIVAR,10666,6
546,PINILLOS,BOLIVAR,26109,6
547,REGIDOR,BOLIVAR,7421,6
548,RIO VIEJO,BOLIVAR,11332,6
549,SAN CRISTOBAL,BOLIVAR,8614,6
550,SAN ESTANISLAO,BOLIVAR,19628,6
551,SAN FERNANDO,BOLIVAR,13611,6
552,SAN JACINTO DEL CAUCA,BOLIVAR,10907,6
553,SAN JUAN NEPOMUCENO,BOLIVAR,39655,6
554,SAN MARTIN DE LOBA,BOLIVAR,15790,6
555,SAN PABLO,BOLIVAR,29249,6
556,SANTA CATALINA,BOLIVAR,15739,6
557,SANTA CRUZ DE MOMPÓX,BOLIVAR,47927,6
558,SANTA ROSA,BOLIVAR,22566,6
559,SANTA ROSA DEL SUR,BOLIVAR,35517,6
560,SIMITI,BOLIVAR,19733,6
561,SOPLAVIENTO,BOLIVAR,11375,6
562,TALAIGUA NUEVO,BOLIVAR,13746,6
563,TIQUISIO,BOLIVAR,19342,6
564,TURBACO,BOLIVAR,113746,3
565,VILLANUEVA,BOLIVAR,25559,6
566,ALMEIDA,BOYACA,1997,6
567,AQUITANIA,BOYACA,16141,6
568,ARCABUCO,BOYACA,6179,6
569,BETEITIVA   ,BOYACA,2029,6
570,BUENAVISTA,BOYACA,4582,6
571,BUSBANZA ,BOYACA,1184,6
572,CERINZA,BOYACA,3850,6
573,CHIQUIZA,BOYACA,4913,6
574,CHITARAQUE,BOYACA,6105,6
575,COMBITA,BOYACA,13762,6
576,COPER,BOYACA,3742,6
577,CUBARA,BOYACA,11069,6
578,CUCAITA,BOYACA,3927,6
579,CUITIVA,BOYACA,1878,6
580,FIRAVITOBA ,BOYACA,7047,6
581,FLORESTA,BOYACA,3383,6
582,GAMEZA,BOYACA,5061,6
583,GARAGOA,BOYACA,19002,6
584,GUACAMAYAS ,BOYACA,1925,6
585,GUATEQUE  ,BOYACA,11274,6
586,GUAYATA ,BOYACA,3480,6
587,IZA,BOYACA,2045,6
588,JERICO,BOYACA,4068,6
589,LA UVITA,BOYACA,3146,6
590,LA VICTORIA ,BOYACA,1173,6
591,MACANAL,BOYACA,5235,6
592,MARIPI,BOYACA,5948,6
593,MIRAFLORES ,BOYACA,9301,6
594,MONGUA ,BOYACA,4828,6
595,MUZO,BOYACA,8918,6
596,NOBSA,BOYACA,16976,5
597,OICATA,BOYACA,3001,6
598,OTANCHE,BOYACA,8414,6
599,PAEZ,BOYACA,3405,6
600,PAUNA ,BOYACA,7462,6
601,PESCA,BOYACA,7031,6
602,PUERTO BOYACA,BOYACA,49643,2
603,QUIPAMA,BOYACA,5141,6
604,RONDON,BOYACA,2492,6
605,SABOYA,BOYACA,14309,6
606,SACHICA,BOYACA,5813,6
607,SAMACA ,BOYACA,19437,6
608,SAN EDUARDO ,BOYACA,1732,6
609,SAN JOSE DE PARE,BOYACA,5213,6
610,SAN LUIS DE GACENO,BOYACA,5742,6
611,SAN MATEO,BOYACA,3504,6
612,SAN PABLO DE BORBUR,BOYACA,6944,6
613,SANTA MARIA,BOYACA,3675,6
614,SANTA ROSA DE VITERBO,BOYACA,13836,6
615,SANTA SOFIA,BOYACA,3332,6
616,SANTANA ,BOYACA,7972,6
617,SATIVANORTE,BOYACA,2280,6
618,SIACHOQUE,BOYACA,7056,6
619,SOCHA,BOYACA,8328,6
620,SOGAMOSO,BOYACA,134977,2
621,SOMONDOCO  ,BOYACA,3011,6
622,SORACA      ,BOYACA,6299,6
623,SUSACON,BOYACA,2798,6
624,SUTAMARCHAN,BOYACA,6463,6
625,SUTATENZA,BOYACA,4413,6
626,TASCO,BOYACA,6107,6
627,TIBANA ,BOYACA,9479,6
628,TIBASOSA,BOYACA,13774,5
629,TINJACA,BOYACA,3469,6
630,TIPACOQUE,BOYACA,3442,6
631,TOCA ,BOYACA,9229,6
632,TOGUI,BOYACA,4520,6
633,TOTA,BOYACA,5435,6
634,TUNJA ,BOYACA,183582,1
635,TUNUNGUA,BOYACA,1625,6
636,TUTASA,BOYACA,2131,6
637,UMBITA ,BOYACA,7878,6
638,VILLA DE LEIVA    ,BOYACA,17282,6
639,VIRACACHA ,BOYACA,2946,6
640,ZETAQUIRA,BOYACA,4832,6
641,AGUADAS ,CALDAS,23274,6
642,BELALCAZAR,CALDAS,10837,6
643,CHINCHINA,CALDAS,52984,5
644,FILADELFIA,CALDAS,11616,6
645,LA DORADA,CALDAS,74610,5
646,LA MERCED,CALDAS,6209,6
647,MANIZALES,CALDAS,451812,1
648,MANZANARES,CALDAS,18544,6
649,MARQUETALIA,CALDAS,13547,6
650,MARULANDA,CALDAS,2699,6
651,NEIRA,CALDAS,21412,6
652,NORCASIA,CALDAS,6100,6
653,PACORA,CALDAS,15606,6
654,PENSILVANIA,CALDAS,20129,6
655,RIOSUCIO,CALDAS,53393,6
656,RISARALDA,CALDAS,11201,6
657,SALAMINA,CALDAS,19855,6
658,SAMANA,CALDAS,21171,6
659,SAN JOSE,CALDAS,4882,6
660,SUPIA,CALDAS,29657,6
661,VICTORIA,CALDAS,10414,6
662,VILLAMARIA,CALDAS,68168,5
663,VITERBO,CALDAS,13077,6
664,ALBANIA,CAQUETA,4730,6
665,BELEN ANDAQUIES,CAQUETA,11380,6
666,CARTAGENA DEL CHAIRA,CAQUETA,32381,6
667,CURILLO,CAQUETA,7980,6
668,EL PAUJIL     ,CAQUETA,18998,6
669,LA MONTAÑITA,CAQUETA,15368,6
670,MORELIA,CAQUETA,3857,6
671,PUERTO RICO,CAQUETA,27456,6
672,SAN JOSE DE FRAGUA,CAQUETA,13609,6
673,SOLANO,CAQUETA,11915,6
674,SOLITA1,CAQUETA,6310,6
675,VALPARAISO,CAQUETA,7225,6
676,AGUAZUL,CASANARE,39847,4
677,CHAMEZA ,CASANARE,2470,6
678,HATO COROZAL,CASANARE,13387,6
679,LA SALINA,CASANARE,1388,6
680,MANI,CASANARE,17769,6
681,MONTERREY,CASANARE,18890,6
682,NUNCHIA,CASANARE,9617,6
683,PORE,CASANARE,12487,6
684,RECETOR,CASANARE,1552,6
685,SABANALARGA,CASANARE,3937,6
686,SACAMA,CASANARE,2286,6
687,SAN LUIS DE PALENQUE,CASANARE,8743,6
688,TAMARA,CASANARE,6872,6
689,TAURAMENA,CASANARE,25930,5
690,TRINIDAD,CASANARE,14645,6
691,VILLANUEVA,CASANARE,38948,5
692,YOPAL,CASANARE,187954,1
693,ALMAGUER,CAUCA,19226,6
694,ARGELIA,CAUCA,27527,6
695,BALBOA,CAUCA,22153,6
696,BOLIVAR,CAUCA,38868,6
697,BUENOS AIRES,CAUCA,34741,6
698,CAJIBIO,CAUCA,44038,6
699,CORINTO,CAUCA,26534,6
700,EL TAMBO,CAUCA,56491,6
701,GUAPI,CAUCA,28878,6
702,INZA,CAUCA,30452,6
703,JAMBALO,CAUCA,18944,6
704,LA VEGA,CAUCA,25731,6
705,LOPEZ DE MICAY,CAUCA,19530,6
706,MERCADERES,CAUCA,24533,6
707,MORALES,CAUCA,41162,6
708,PADILLA,CAUCA,10395,6
709,PAEZ,CAUCA,48668,6
710,PURACÉ (COCONUCO),CAUCA,18248,6
711,ROSAS,CAUCA,12008,6
712,SAN SEBASTIAN,CAUCA,11496,6
713,SANTA ROSA,CAUCA,5581,6
714,SANTANDER DE QUILICHAO,CAUCA,115585,4
715,SILVIA,CAUCA,39574,6
716,SUAREZ,CAUCA,33401,6
717,SUCRE,CAUCA,9843,6
718,TIMBIQUI,CAUCA,27521,6
719,TORIBIO,CAUCA,36761,6
720,TOTORO,CAUCA,26065,6
721,ASTREA,CESAR,22498,6
722,BECERRIL,CESAR,24351,6
723,CHIMICHAGUA,CESAR,38317,6
724,CHIRIGUANA,CESAR,31188,6
725,CURUMANI,CESAR,42061,6
726,EL PASO,CESAR,42198,6
727,LA GLORIA,CESAR,19283,6
728,MANAURE BALCON DEL CESAR,CESAR,11371,6
729,PAILITAS,CESAR,20880,6
730,PUEBLO BELLO,CESAR,30292,6
731,RIO DE ORO,CESAR,18902,6
732,SAN ALBERTO ,CESAR,29611,6
733,SAN DIEGO,CESAR,21311,6
734,SAN MARTIN,CESAR,30031,6
735,TAMALAMEQUE,CESAR,17180,6
736,VALLEDUPAR,CESAR,549314,1
737,ACANDI,CHOCO,15310,6
738,ALTO BAUDO (PIE DE PATO),CHOCO,30172,6
739,ATRATO ,CHOCO,6616,6
740,BAGADO,CHOCO,11433,6
741,BAHIA SOLANO (MUTIS),CHOCO,11082,6
742,BAJO BAUDO (PIZARRO),CHOCO,32640,6
743,BOJAYA (BELLAVISTA),CHOCO,13210,6
744,CANTON DE SAN PABLO,CHOCO,6668,6
745,CARMEN DEL DARIEN,CHOCO,21458,6
746,CERTEGUI,CHOCO,5967,6
747,CONDOTO,CHOCO,13513,6
748,EL CARMEN ,CHOCO,8932,6
749,ISTMINA,CHOCO,32809,6
750,JURADO,CHOCO,7274,6
751,LITORAL DEL SAN JUAN,CHOCO,24533,6
752,LLORO,CHOCO,10265,6
753,MEDIO ATRATO,CHOCO,12467,6
754,MEDIO BAUDO (BOCA DE PEPE),CHOCO,16340,6
755,MEDIO SAN JUAN,CHOCO,11362,6
756,NUQUI,CHOCO,17635,6
757,QUIBDO,CHOCO,139740,3
758,RIO IRO,CHOCO,5676,6
759,RIO QUITO,CHOCO,8822,6
760,RIOSUCIO,CHOCO,60962,5
761,SIPI,CHOCO,3479,6
762,TADO,CHOCO,19396,6
763,UNGUIA,CHOCO,14018,6
764,UNION PANAMERICANA,CHOCO,7234,6
765,CANALETE,CORDOBA,16233,6
766,CERETE,CORDOBA,112124,5
767,CIENAGA DE ORO,CORDOBA,62549,6
768,LA APARTADA,CORDOBA,15512,6
769,LORICA,CORDOBA,116772,6
770,LOS CORDOBAS,CORDOBA,19968,6
771,MONTELIBANO,CORDOBA,85254,5
772,MONTERIA     ,CORDOBA,518608,1
773,MOÑITOS,CORDOBA,31829,6
774,PLANETA RICA,CORDOBA,67598,6
775,PUERTO ESCONDIDO,CORDOBA,25255,6
776,PUERTO LIBERTADOR,CORDOBA,44643,6
777,PURISIMA,CORDOBA,18242,6
778,SAN ANDRES SOTAVENTO,CORDOBA,49909,6
779,SAN ANTERO,CORDOBA,35953,6
780,SAN BERNARDO VIENTO ,CORDOBA,39337,6
781,TUCHÍN,CORDOBA,56269,6
782,VALENCIA,CORDOBA,37841,6
783,AGUA DE DIOS,CUNDINAMARCA,13182,6
784,ALBAN,CUNDINAMARCA,7251,6
785,ANAPOIMA,CUNDINAMARCA,16600,4
786,ARBELAEZ,CUNDINAMARCA,11807,6
787,CACHIPAY,CUNDINAMARCA,11247,6
788,CAQUEZA,CUNDINAMARCA,19231,6
789,CARMEN DE CARUPA,CUNDINAMARCA,8449,6
790,CHIPAQUE,CUNDINAMARCA,10658,6
791,CHOCONTA,CUNDINAMARCA,23348,6
792,CUCUNUBA,CUNDINAMARCA,8612,6
793,EL COLEGIO,CUNDINAMARCA,27255,6
794,EL PEÑON,CUNDINAMARCA,5164,6
795,EL ROSAL,CUNDINAMARCA,24565,6
796,GACHANCIPA,CUNDINAMARCA,19501,6
797,GRANADA,CUNDINAMARCA,8009,6
798,GUASCA,CUNDINAMARCA,17394,6
799,GUATAQUI,CUNDINAMARCA,3214,6
800,GUAYABETAL,CUNDINAMARCA,7055,6
801,JERUSALEN,CUNDINAMARCA,2515,6
802,JUNIN,CUNDINAMARCA,6396,6
803,LA PALMA,CUNDINAMARCA,10449,6
804,MACHETA,CUNDINAMARCA,6748,6
805,MANTA,CUNDINAMARCA,4100,6
806,NARIÑO,CUNDINAMARCA,2644,6
807,NEMOCON,CUNDINAMARCA,15082,6
808,PACHO ,CUNDINAMARCA,27468,6
809,PARATEBUENO,CUNDINAMARCA,9520,6
810,PUERTO SALGAR ,CUNDINAMARCA,17585,6
811,PULI ,CUNDINAMARCA,3700,6
812,QUEBRADANEGRA,CUNDINAMARCA,5240,6
813,SAN ANTONIO DEL TEQUENDAMA,CUNDINAMARCA,13394,6
814,SAN JUAN DE RIOSECO,CUNDINAMARCA,9074,6
815,SIMIJACA,CUNDINAMARCA,14662,6
816,SOPO,CUNDINAMARCA,29787,3
817,SUBACHOQUE,CUNDINAMARCA,17036,6
818,SUESCA,CUNDINAMARCA,19452,6
819,TABIO,CUNDINAMARCA,24854,6
820,TENA,CUNDINAMARCA,10846,6
821,TENJO,CUNDINAMARCA,25180,3
822,TIBIRITA,CUNDINAMARCA,3519,6
823,TOPAIPI,CUNDINAMARCA,4546,6
824,UTICA,CUNDINAMARCA,4754,6
825,VILLAGÓMEZ,CUNDINAMARCA,1950,6
826,VILLETA,CUNDINAMARCA,30605,6
827,VIOTA,CUNDINAMARCA,14746,6
828,YACOPI,CUNDINAMARCA,13536,6
829,ZIPACON,CUNDINAMARCA,5282,6
830,BARRANCOMINAS,GUAINIA,10569,6
831,PUERTO INIRIDA,GUAINIA,36024,6
832,ALBANIA ,GUAJIRA,34350,5
833,BARRANCAS ,GUAJIRA,41927,6
834,DIBULLA,GUAJIRA,44966,6
835,DISTRACCION,GUAJIRA,15013,6
836,MAICAO,GUAJIRA,195871,4
837,SAN JUAN DEL CESAR ,GUAJIRA,53731,6
838,URIBIA,GUAJIRA,188827,4
839,VILLANUEVA,GUAJIRA,32431,6
840,CALAMAR,GUAVIARE,10942,6
841,EL RETORNO,GUAVIARE,16418,6
842,MIRAFLORES,GUAVIARE,7710,6
843,ACEVEDO,HUILA,26455,6
844,AGRADO,HUILA,9282,6
845,AIPE,HUILA,17134,6
846,ALGECIRAS,HUILA,23742,6
847,BARAYA,HUILA,8758,6
848,CAMPOALEGRE,HUILA,32709,6
849,COLOMBIA,HUILA,7591,6
850,ELIAS,HUILA,4465,6
851,GIGANTE,HUILA,25988,6
852,GUADALUPE,HUILA,19032,6
853,HOBO,HUILA,7657,6
854,IQUIRA,HUILA,9826,6
855,ISNOS,HUILA,26867,6
856,LA PLATA,HUILA,64880,6
857,NATAGA,HUILA,6867,6
858,NEIVA,HUILA,375660,1
859,OPORAPA,HUILA,12400,6
860,PAICOL,HUILA,6992,6
861,PALERMO,HUILA,27896,6
862,PALESTINA,HUILA,11918,6
863,PITAL,HUILA,14623,6
864,RIVERA,HUILA,25855,6
865,SAN AGUSTIN,HUILA,35116,6
866,SANTA MARIA,HUILA,11022,6
867,TARQUI,HUILA,18555,6
868,TIMANA,HUILA,23101,6
869,VILLAVIEJA,HUILA,7680,6
870,ALGARROBO,MAGDALENA,17325,6
871,ARACATACA,MAGDALENA,44081,6
872,ARIGUANÍ (EL DIFÍCIL),MAGDALENA,33252,6
873,CERRO SAN ANTONIO,MAGDALENA,10954,6
874,CIENAGA,MAGDALENA,130000,5
875,EL BANCO,MAGDALENA,72286,6
876,GUAMAL,MAGDALENA,29568,6
877,NUEVA GRANADA,MAGDALENA,21867,6
878,PEDRAZA,MAGDALENA,10236,6
879,PIJIÑO DEL CARMEN,MAGDALENA,13310,6
880,PIVIJAY,MAGDALENA,41019,6
881,PLATO ,MAGDALENA,68466,6
882,PUEBLOVIEJO,MAGDALENA,33351,6
883,REMOLINO,MAGDALENA,12597,6
884,SABANAS DE SAN ANGEL,MAGDALENA,17256,6
885,SAN SEBASTIAN DE BUENAVISTA,MAGDALENA,21799,6
886,SAN ZENON,MAGDALENA,13125,6
887,SITIONUEVO,MAGDALENA,30077,5
888,TENERIFE,MAGDALENA,14482,6
889,ZAPAYAN,MAGDALENA,10791,6
890,ALBAN,NARIÑO,9927,6
891,ALDANA,NARIÑO,7679,6
892,BARBACOAS,NARIÑO,57942,6
893,CHACHAGUI,NARIÑO,15769,6
894,CONSACA,NARIÑO,14285,6
895,CONTADERO,NARIÑO,7520,6
896,CORDOBA,NARIÑO,16116,6
897,CUASPUD (CARLOSAMA),NARIÑO,9570,6
898,CUMBITARA,NARIÑO,6113,6
899,EL CHARCO,NARIÑO,23007,6
900,EL ROSARIO,NARIÑO,12771,6
901,EL TABLON,NARIÑO,14881,6
902,EL TAMBO,NARIÑO,14716,6
903,FRANCISCO PIZARRO,NARIÑO,14772,6
904,FUNES,NARIÑO,7429,6
905,GUACHUCAL   ,NARIÑO,20207,6
906,GUAITARILLA    ,NARIÑO,11838,6
907,GUALMATAN,NARIÑO,7301,6
908,ILES,NARIÑO,7906,6
909,IMUES,NARIÑO,7882,6
910,IPIALES ,NARIÑO,120090,4
911,LA FLORIDA ,NARIÑO,10366,6
912,LA LLANADA,NARIÑO,6617,6
913,LA TOLA,NARIÑO,7595,6
914,LA UNION    ,NARIÑO,33028,6
915,LINARES,NARIÑO,10453,6
916,LOS ANDES,NARIÑO,9687,6
917,MAGÜÍ (PAYÁN),NARIÑO,25852,6
918,MALLAMA,NARIÑO,9336,6
919,NARIÑO,NARIÑO,4504,6
920,PASTO,NARIÑO,408358,1
921,PROVIDENCIA,NARIÑO,5728,6
922,PUERRES,NARIÑO,8793,6
923,PUPIALES,NARIÑO,18069,6
924,SAMANIEGO,NARIÑO,29744,6
925,SAN BERNARDO,NARIÑO,9504,6
926,SAN LORENZO,NARIÑO,19149,6
927,SAN PEDRO DE CARTAGO ,NARIÑO,7069,6
928,SANDONA,NARIÑO,21113,6
929,SANTA BÁRBARA (ISCUANDÉ),NARIÑO,13976,6
930,SANTACRUZ,NARIÑO,11213,6
931,SAPUYES,NARIÑO,7582,6
932,TANGUA,NARIÑO,13978,6
933,TUMACO,NARIÑO,263990,4
934,TUQUERRES,NARIÑO,46257,6
935,ARBOLEDAS,NORTE DE SANTANDER,10796,6
936,LA ESPERANZA ,NORTE DE SANTANDER,12913,6
937,LOS PATIOS,NORTE DE SANTANDER,101869,4
938,LOURDES,NORTE DE SANTANDER,4440,6
939,PUERTO SANTANDER,NORTE DE SANTANDER,9732,6
940,SANTIAGO,NORTE DE SANTANDER,3798,6
941,TIBU,NORTE DE SANTANDER,60935,6
942,VILLACARO,NORTE DE SANTANDER,5622,6
943,COLON,PUTUMAYO,5719,6
944,MOCOA,PUTUMAYO,62960,6
945,ORITO,PUTUMAYO,39823,6
946,PUERTO GUZMAN,PUTUMAYO,37427,6
947,PUERTO LEGUIZAMO ,PUTUMAYO,31664,6
948,SAN FRANCISCO      ,PUTUMAYO,6133,6
949,SAN MIGUEL,PUTUMAYO,20644,6
950,SANTIAGO,PUTUMAYO,7614,6
951,SIBUNDOY,PUTUMAYO,16441,6
952,VALLE DEL GUAMUEZ,PUTUMAYO,35069,6
953,VILLAGARZON,PUTUMAYO,26208,6
954,BUENAVISTA ,QUINDIO,3187,6
955,CALARCA,QUINDIO,75532,5
956,CORDOBA,QUINDIO,5855,6
957,FILANDIA,QUINDIO,12510,6
958,GENOVA,QUINDIO,7677,6
959,LA TEBAIDA,QUINDIO,34802,6
960,MONTENEGRO,QUINDIO,38032,6
961,PIJAO,QUINDIO,5389,6
962,QUIMBAYA,QUINDIO,31665,6
963,APIA,RISARALDA,12612,6
964,BELEN DE UMBRIA,RISARALDA,25216,6
965,DOSQUEBRADAS,RISARALDA,225011,2
966,GUATICA,RISARALDA,12374,6
967,LA VIRGINIA,RISARALDA,28431,6
968,MARSELLA,RISARALDA,17166,6
969,PUEBLO RICO,RISARALDA,16706,6
970,SANTUARIO,RISARALDA,12812,6
971,ALBANIA,SANTANDER,4235,6
972,BARICHARA,SANTANDER,11000,6
973,BARRANCABERMEJA    ,SANTANDER,212832,1
974,BETULIA ,SANTANDER,6178,6
975,CABRERA ,SANTANDER,1990,6
976,CALIFORNIA,SANTANDER,2228,6
977,CAPITANEJO,SANTANDER,5648,6
978,CARCASI    ,SANTANDER,4395,6
979,CHIMA,SANTANDER,2957,6
980,COROMORO,SANTANDER,5195,6
981,EL CARMEN,SANTANDER,22199,6
982,EL PLAYON,SANTANDER,14001,6
983,ENCINO,SANTANDER,2688,6
984,FLORIAN,SANTANDER,5965,6
985,GUADALUPE,SANTANDER,4684,6
986,GUAVATA,SANTANDER,4381,6
987,HATO,SANTANDER,2386,6
988,LA BELLEZA,SANTANDER,6545,6
989,MALAGA ,SANTANDER,21416,6
990,MATANZA,SANTANDER,5254,6
991,MOLAGAVITA     ,SANTANDER,4251,6
992,OCAMONTE,SANTANDER,6080,6
993,PUERTO PARRA,SANTANDER,7845,6
994,PUERTO WILCHES,SANTANDER,35239,6
995,SUAITA,SANTANDER,10514,6
996,SUCRE,SANTANDER,7484,6
997,SURATA,SANTANDER,4069,6
998,VILLANUEVA,SANTANDER,8625,6
999,BUENAVISTA,SUCRE,11094,6
1000,CAIMITO,SUCRE,16724,6
1001,COLOSO,SUCRE,9189,6
1002,GALERAS,SUCRE,23933,6
1003,GUARANDA,SUCRE,18717,6
1004,LOS PALMITOS,SUCRE,24335,6
1005,MAJAGUAL,SUCRE,40954,6
1006,MORROA,SUCRE,16160,6
1007,OVEJAS,SUCRE,23580,6
1008,SAN ANTONIO DE PALMITO,SUCRE,15993,6
1009,SAN BENITO ABAD       ,SUCRE,30565,6
1010,SAN JUAN DE BETULIA,SUCRE,14137,6
1011,SAN ONOFRE,SUCRE,55425,6
1012,SAN PEDRO,SUCRE,19810,6
1013,SINCE,SUCRE,32667,6
1014,SUCRE,SUCRE,32124,6
1015,TOLUVIEJO,SUCRE,22803,6
1016,ALVARADO,TOLIMA,9217,6
1017,AMBALEMA,TOLIMA,6819,6
1018,ANZOATEGUI,TOLIMA,10487,6
1019,CAJAMARCA,TOLIMA,19189,6
1020,CARMEN APICALA,TOLIMA,11072,6
1021,CASABIANCA,TOLIMA,6391,6
1022,CHAPARRAL,TOLIMA,54059,6
1023,COELLO,TOLIMA,8474,6
1024,COYAIMA ,TOLIMA,23373,6
1025,CUNDAY,TOLIMA,8745,6
1026,DOLORES,TOLIMA,8558,6
1027,ESPINAL,TOLIMA,74366,3
1028,FALAN,TOLIMA,7890,6
1029,HERVEO,TOLIMA,7632,6
1030,HONDA,TOLIMA,25848,6
1031,IBAGUE,TOLIMA,539745,1
1032,ICONONZO,TOLIMA,12467,6
1033,LERIDA,TOLIMA,18640,6
1034,LIBANO,TOLIMA,37689,6
1035,MARIQUITA,TOLIMA,39117,6
1036,MURILLO,TOLIMA,4410,6
1037,NATAGAIMA,TOLIMA,14818,6
1038,ORTEGA,TOLIMA,34562,6
1039,PALOCABILDO,TOLIMA,9681,6
1040,PLANADAS,TOLIMA,27126,6
1041,PRADO,TOLIMA,8709,6
1042,PURIFICACION,TOLIMA,23874,6
1043,RIOBLANCO,TOLIMA,23197,6
1044,RONCESVALLES,TOLIMA,5599,6
1045,ROVIRA,TOLIMA,22244,6
1046,SAN ANTONIO,TOLIMA,13358,6
1047,SUAREZ,TOLIMA,3901,6
1048,VENADILLO,TOLIMA,13137,6
1049,VILLAHERMOSA,TOLIMA,9689,6
1050,VILLARRICA,TOLIMA,5172,6
1051,ALCALA,VALLE DEL CAUCA,14772,6
1052,ANDALUCIA,VALLE DEL CAUCA,22917,6
1053,ANSERMANUEVO,VALLE DEL CAUCA,18207,6
1054,BOLIVAR,VALLE DEL CAUCA,16383,6
1055,BUENAVENTURA,VALLE DEL CAUCA,322311,2
1056,BUGA   ,VALLE DEL CAUCA,132931,2
1057,BUGALAGRANDE,VALLE DEL CAUCA,25914,5
1058,CALI,VALLE DEL CAUCA,2276124,ESP
1059,CALIMA DEL DARIEN,VALLE DEL CAUCA,19269,6
1060,CANDELARIA ,VALLE DEL CAUCA,93717,2
1061,DAGUA,VALLE DEL CAUCA,49513,6
1062,EL CERRITO,VALLE DEL CAUCA,57713,5
1063,EL DOVIO,VALLE DEL CAUCA,9155,6
1064,FLORIDA,VALLE DEL CAUCA,58317,6
1065,LA CUMBRE,VALLE DEL CAUCA,17222,6
1066,LA UNION,VALLE DEL CAUCA,34627,6
1067,OBANDO,VALLE DEL CAUCA,12582,6
1068,PRADERA,VALLE DEL CAUCA,49176,6
1069,RESTREPO,VALLE DEL CAUCA,16390,6
1070,RIOFRIO,VALLE DEL CAUCA,15906,6
1071,ROLDANILLO,VALLE DEL CAUCA,37604,6
1072,SAN PEDRO,VALLE DEL CAUCA,17987,6
1073,TRUJILLO,VALLE DEL CAUCA,19657,6
1074,ULLOA,VALLE DEL CAUCA,5788,6
1075,VERSALLES,VALLE DEL CAUCA,7421,6
1076,ZARZAL,VALLE DEL CAUCA,43024,5
1077,CARURU,VAUPES,3408,6
1078,MITU ,VAUPES,33167,6
1079,CUMARIBO    ,VICHADA,83791,4
1080,LA PRIMAVERA,VICHADA,10808,6
1081,PUERTO CARREÑO,VICHADA,21868,6
1082,SANTA ROSALIA,VICHADA,4475,6
1083,BARRANCA DE UPIA,DEPARTAMENTO DEL META,6986,6
1084,CUBARRAL,DEPARTAMENTO DEL META,7592,6
1085,CUMARAL,DEPARTAMENTO DEL META,24451,6
1086,EL CASTILLO,DEPARTAMENTO DEL META,8417,6
1087,EL DORADO,DEPARTAMENTO DEL META,4199,6
1088,GRANADA,DEPARTAMENTO DEL META,73890,5
1089,LA MACARENA,DEPARTAMENTO DEL META,28525,6
1090,LA URIBE,DEPARTAMENTO DEL META,9822,6
1091,MAPIRIPAN,DEPARTAMENTO DEL META,7353,6
1092,MESETAS,DEPARTAMENTO DEL META,11943,6
1093,PUERTO CONCORDIA    ,DEPARTAMENTO DEL META,8907,6
1094,PUERTO RICO,DEPARTAMENTO DEL META,13471,6
1095,RESTREPO,DEPARTAMENTO DEL META,19583,6
1096,SAN CARLOS GUAROA,DEPARTAMENTO DEL META,13238,6
1097,SAN JUAN DE ARAMA,DEPARTAMENTO DEL META,9700,6
1098,SAN JUANITO,DEPARTAMENTO DEL META,1373,6
1099,SAN MARTIN,DEPARTAMENTO DEL META,28956,6
1100,VILLAVICENCIO,DEPARTAMENTO DEL META,569806,1
1101,BOGOTA D.C.,DISTRITO CAPITAL,7873316,ESP
