,CODDEPTO,DEPARTAMENTO,CODMPIO,MUNICIPIO,Categoría,2017,2018,2019,2020,2021
0,11,BOGOTÁ,11001,BOGOTÁ,Bajo,0.02,0.02,0.01,0.02,0.01
1,13,BOLÍVAR,13001,CARTAGENA,Bajo,0.03,0.03,0.01,0.02,0.02
2,13,BOLÍVAR,13006,ACHÍ,Bajo,0.3,0.13,0.08,0.05,0.05
3,13,BOLÍVAR,13030,ALTOS DEL ROSARIO,Bajo,0.01,0.02,0.0,0.01,0.0
4,13,BOLÍVAR,13042,ARENAL,Bajo,0.07,0.06,0.06,0.2,0.2
5,13,BOLÍVAR,13052,ARJONA,Bajo,0.02,0.03,0.03,0.02,0.03
6,13,BOLÍVAR,13062,ARROYOHONDO,Bajo,0.0,0.02,0.01,0.01,0.01
7,13,BOLÍVAR,13074,BARRANCO DE LOBA,Bajo,0.03,0.04,0.01,0.12,0.04
8,13,BOLÍVAR,13140,CALAMAR,Bajo,0.01,0.03,0.02,0.02,0.02
9,13,BOLÍVAR,13160,CANTAGALLO,Bajo,0.07,0.33,0.1,0.36,0.19
10,13,BOLÍVAR,13188,CICUCO,Bajo,0.01,0.01,0.01,0.01,0.01
11,13,BOLÍVAR,13212,CÓRDOBA,Bajo,0.02,0.01,0.01,0.01,0.01
12,13,BOLÍVAR,13222,CLEMENCIA,Bajo,0.02,0.04,0.03,0.03,0.03
13,13,BOLÍVAR,13244,EL CARMEN DE BOLÍVAR,Bajo,0.02,0.04,0.03,0.02,0.05
14,13,BOLÍVAR,13248,EL GUAMO,Bajo,0.0,0.01,0.0,0.0,0.0
15,13,BOLÍVAR,13268,EL PEÑÓN,Bajo,0.0,0.01,0.0,0.0,0.0
16,13,BOLÍVAR,13300,HATILLO DE LOBA,Bajo,0.01,0.01,0.01,0.0,0.01
17,13,BOLÍVAR,13430,MAGANGUÉ,Bajo,0.02,0.02,0.02,0.01,0.02
18,13,BOLÍVAR,13433,MAHATES,Bajo,0.0,0.02,0.01,0.01,0.01
19,13,BOLÍVAR,13440,MARGARITA,Bajo,0.0,0.01,0.0,0.0,0.01
20,13,BOLÍVAR,13442,MARÍA LA BAJA,Bajo,0.02,0.03,0.02,0.04,0.02
21,13,BOLÍVAR,13458,MONTECRISTO,Bajo,0.14,0.21,0.18,0.17,
22,13,BOLÍVAR,13458,MONTECRISTO,Medio bajo,,,,,0.5
23,13,BOLÍVAR,13468,MOMPÓS,Bajo,0.02,0.01,0.0,0.01,0.0
24,13,BOLÍVAR,13473,MORALES,Bajo,0.03,0.03,0.16,0.04,0.2
25,13,BOLÍVAR,13490,NOROSÍ,Bajo,0.12,0.12,0.07,0.2,0.2
26,13,BOLÍVAR,13549,PINILLOS,Bajo,0.02,0.02,0.02,0.01,0.03
27,13,BOLÍVAR,13580,REGIDOR,Bajo,0.01,0.02,0.01,0.0,0.02
28,13,BOLÍVAR,13600,RÍO VIEJO,Bajo,0.01,0.04,0.01,0.07,0.09
29,13,BOLÍVAR,13620,SAN CRISTÓBAL,Bajo,0.0,0.01,0.01,0.0,0.01
30,13,BOLÍVAR,13647,SAN ESTANISLAO,Bajo,0.0,0.01,0.0,0.0,0.0
31,13,BOLÍVAR,13650,SAN FERNANDO,Bajo,0.0,0.01,0.01,0.01,0.02
32,13,BOLÍVAR,13654,SAN JACINTO,Bajo,0.02,0.01,0.0,0.01,0.01
33,13,BOLÍVAR,13655,SAN JACINTO DEL CAUCA,Bajo,0.05,0.02,0.15,0.01,0.03
34,13,BOLÍVAR,13657,SAN JUAN NEPOMUCENO,Bajo,0.0,0.02,0.1,0.01,0.0
35,13,BOLÍVAR,13667,SAN MARTÍN DE LOBA,Bajo,0.02,0.01,0.01,0.01,0.03
36,13,BOLÍVAR,13670,SAN PABLO,Bajo,0.14,0.2,0.18,0.32,0.24
37,13,BOLÍVAR,13673,SANTA CATALINA,Bajo,0.01,0.02,0.05,0.01,0.05
38,13,BOLÍVAR,13683,SANTA ROSA,Bajo,0.09,0.04,0.05,0.09,0.05
39,13,BOLÍVAR,13688,SANTA ROSA DEL SUR,Bajo,0.11,0.16,0.11,0.17,0.15
40,13,BOLÍVAR,13744,SIMITÍ,Bajo,0.05,0.11,0.09,0.09,0.11
41,13,BOLÍVAR,13760,SOPLAVIENTO,Bajo,0.0,0.01,0.0,0.0,0.0
42,13,BOLÍVAR,13780,TALAIGUA NUEVO,Bajo,0.0,0.01,0.01,0.0,0.01
43,13,BOLÍVAR,13810,TIQUISIO,Bajo,0.04,0.05,0.05,0.06,0.09
44,13,BOLÍVAR,13836,TURBACO,Bajo,0.02,0.02,0.01,0.01,0.01
45,13,BOLÍVAR,13838,TURBANÁ,Bajo,0.02,0.01,0.01,0.01,0.01
46,13,BOLÍVAR,13873,VILLANUEVA,Bajo,0.01,0.01,0.02,0.01,0.02
47,13,BOLÍVAR,13894,ZAMBRANO,Bajo,0.0,0.01,0.01,0.0,0.01
48,15,BOYACÁ,15001,TUNJA,Bajo,0.02,0.01,0.0,0.0,0.0
49,15,BOYACÁ,15022,ALMEIDA,Bajo,0.0,0.01,0.0,0.0,0.0
50,15,BOYACÁ,15047,AQUITANIA,Bajo,0.01,0.02,0.02,0.01,0.02
51,15,BOYACÁ,15051,ARCABUCO,Bajo,0.0,0.01,0.01,0.0,0.01
52,15,BOYACÁ,15087,BELÉN,Bajo,0.0,0.01,0.0,0.0,0.0
53,15,BOYACÁ,15090,BERBEO,Bajo,0.0,0.01,0.0,0.0,0.0
54,15,BOYACÁ,15092,BETÉITIVA,Bajo,0.0,0.01,0.0,0.0,0.0
55,15,BOYACÁ,15097,BOAVITA,Bajo,0.0,0.01,0.0,0.0,0.0
56,15,BOYACÁ,15104,BOYACÁ,Bajo,0.0,0.01,0.0,0.0,0.0
57,15,BOYACÁ,15106,BRICEÑO,Bajo,0.0,0.01,0.0,0.0,0.0
58,15,BOYACÁ,15109,BUENAVISTA,Bajo,0.0,0.03,0.0,0.02,0.0
59,15,BOYACÁ,15114,BUSBANZÁ,Bajo,0.0,0.01,0.0,0.0,0.0
60,15,BOYACÁ,15131,CALDAS,Bajo,0.0,0.03,0.03,0.03,0.03
61,15,BOYACÁ,15135,CAMPOHERMOSO,Bajo,0.0,0.01,0.0,0.0,0.0
62,15,BOYACÁ,15162,CERINZA,Bajo,0.0,0.03,0.0,0.02,0.0
63,15,BOYACÁ,15172,CHINAVITA,Bajo,0.0,0.01,0.0,0.0,0.0
64,15,BOYACÁ,15176,CHIQUINQUIRÁ,Bajo,0.0,0.02,0.0,0.01,0.01
65,15,BOYACÁ,15180,CHISCAS,Bajo,0.0,0.05,0.02,0.0,0.02
66,15,BOYACÁ,15183,CHITA,Bajo,0.0,0.03,0.0,0.02,0.16
67,15,BOYACÁ,15185,CHITARAQUE,Bajo,0.03,0.04,0.03,0.03,0.03
68,15,BOYACÁ,15187,CHIVATÁ,Bajo,0.0,0.01,0.03,0.0,0.03
69,15,BOYACÁ,15189,CIÉNEGA,Bajo,0.0,0.01,0.0,0.0,0.0
70,15,BOYACÁ,15204,CÓMBITA,Bajo,0.01,0.01,0.01,0.01,0.01
71,15,BOYACÁ,15212,COPER,Bajo,0.0,0.03,0.05,0.02,0.05
72,15,BOYACÁ,15215,CORRALES,Bajo,0.0,0.01,0.0,0.0,0.0
73,15,BOYACÁ,15218,COVARACHÍA,Bajo,0.03,0.01,0.0,0.0,0.0
74,15,BOYACÁ,15223,CUBARÁ,Bajo,0.07,0.31,0.12,0.13,0.06
75,15,BOYACÁ,15224,CUCAITA,Bajo,0.0,0.01,0.0,0.0,0.0
76,15,BOYACÁ,15226,CUÍTIVA,Bajo,0.0,0.01,0.0,0.0,0.0
77,15,BOYACÁ,15232,CHÍQUIZA,Bajo,0.0,0.01,0.0,0.0,0.0
78,15,BOYACÁ,15236,CHIVOR,Bajo,0.0,0.01,0.0,0.0,0.0
79,15,BOYACÁ,15238,DUITAMA,Bajo,0.01,0.01,0.0,0.0,0.0
80,15,BOYACÁ,15244,EL COCUY,Bajo,0.0,0.05,0.02,0.35,0.02
81,15,BOYACÁ,15248,EL ESPINO,Bajo,0.0,0.01,0.0,0.0,0.0
82,15,BOYACÁ,15272,FIRAVITOBA,Bajo,0.01,0.01,0.0,0.0,0.0
83,15,BOYACÁ,15276,FLORESTA,Bajo,0.0,0.01,0.0,0.0,0.0
84,15,BOYACÁ,15293,GACHANTIVÁ,Bajo,0.0,0.01,0.0,0.0,0.0
85,15,BOYACÁ,15296,GÁMEZA,Bajo,0.0,0.01,0.0,0.0,0.0
86,15,BOYACÁ,15299,GARAGOA,Bajo,0.0,0.01,0.0,0.0,0.0
87,15,BOYACÁ,15317,GUACAMAYAS,Bajo,0.0,0.01,0.0,0.0,0.0
88,15,BOYACÁ,15322,GUATEQUE,Bajo,0.0,0.01,0.01,0.01,0.01
89,15,BOYACÁ,15325,GUAYATÁ,Bajo,0.0,0.03,0.0,0.03,0.0
90,15,BOYACÁ,15332,GÜICÁN,Bajo,0.06,0.07,0.0,0.32,0.0
91,15,BOYACÁ,15362,IZA,Bajo,0.0,0.01,0.0,0.0,0.0
92,15,BOYACÁ,15367,JENESANO,Bajo,0.0,0.01,0.0,0.0,0.0
93,15,BOYACÁ,15368,JERICÓ,Bajo,0.0,0.01,0.0,0.0,0.0
94,15,BOYACÁ,15377,LABRANZAGRANDE,Bajo,0.11,0.09,0.0,0.03,0.0
95,15,BOYACÁ,15380,LA CAPILLA,Bajo,0.0,0.01,0.0,0.0,0.0
96,15,BOYACÁ,15401,LA VICTORIA,Alto,,,1.2,,
97,15,BOYACÁ,15401,LA VICTORIA,Bajo,0.0,0.01,,0.0,0.08
98,15,BOYACÁ,15403,LA UVITA,Bajo,0.0,0.01,0.0,0.0,0.0
99,15,BOYACÁ,15407,VILLA DE LEYVA,Bajo,0.0,0.01,0.0,0.01,0.01
100,15,BOYACÁ,15425,MACANAL,Bajo,0.0,0.01,0.0,0.0,0.0
101,15,BOYACÁ,15442,MARIPÍ,Bajo,0.03,0.01,0.0,0.0,0.0
102,15,BOYACÁ,15455,MIRAFLORES,Bajo,0.0,0.01,0.0,0.0,0.0
103,15,BOYACÁ,15464,MONGUA,Bajo,0.0,0.01,0.0,0.0,0.0
104,15,BOYACÁ,15466,MONGUÍ,Bajo,0.0,0.01,0.0,0.0,0.0
105,15,BOYACÁ,15469,MONIQUIRÁ,Bajo,0.0,0.06,0.01,0.01,0.01
106,15,BOYACÁ,15476,MOTAVITA,Bajo,0.0,0.01,0.0,0.0,0.0
107,15,BOYACÁ,15480,MUZO,Bajo,0.0,0.04,0.0,0.03,0.0
108,15,BOYACÁ,15491,NOBSA,Bajo,0.01,0.01,0.0,0.0,0.01
109,15,BOYACÁ,15494,NUEVO COLÓN,Bajo,0.0,0.01,0.0,0.0,0.0
110,15,BOYACÁ,15500,OICATÁ,Bajo,0.0,0.01,0.03,0.0,0.03
111,15,BOYACÁ,15507,OTANCHE,Bajo,0.02,0.16,0.0,0.0,0.0
112,15,BOYACÁ,15511,PACHAVITA,Bajo,0.03,0.01,0.0,0.0,0.0
113,15,BOYACÁ,15514,PÁEZ,Bajo,0.0,0.01,0.0,0.0,0.0
114,15,BOYACÁ,15516,PAIPA,Bajo,0.0,0.01,0.01,0.0,0.01
115,15,BOYACÁ,15518,PAJARITO,Bajo,0.14,0.31,0.0,0.04,0.0
116,15,BOYACÁ,15522,PANQUEBA,Bajo,0.0,0.01,0.0,0.0,0.0
117,15,BOYACÁ,15531,PAUNA,Bajo,0.04,0.01,0.0,0.0,0.0
118,15,BOYACÁ,15533,PAYA,Bajo,0.04,0.16,0.03,0.03,0.03
119,15,BOYACÁ,15537,PAZ DE RÍO,Bajo,0.0,0.01,0.04,0.0,0.04
120,15,BOYACÁ,15542,PESCA,Bajo,0.0,0.01,0.0,0.0,0.0
121,15,BOYACÁ,15550,PISBA,Bajo,0.11,0.33,0.0,0.14,0.0
122,15,BOYACÁ,15572,PUERTO BOYACÁ,Bajo,0.04,0.06,0.03,0.03,0.03
123,15,BOYACÁ,15580,QUÍPAMA,Bajo,0.02,0.02,0.02,0.02,0.02
124,15,BOYACÁ,15599,RAMIRIQUÍ,Bajo,0.0,0.01,0.01,0.01,0.01
125,15,BOYACÁ,15600,RÁQUIRA,Bajo,0.0,0.02,0.04,0.01,0.04
126,15,BOYACÁ,15621,RONDÓN,Bajo,0.0,0.01,0.0,0.0,0.0
127,15,BOYACÁ,15632,SABOYÁ,Bajo,0.01,0.02,0.0,0.01,0.0
128,15,BOYACÁ,15638,SÁCHICA,Bajo,0.0,0.02,0.03,0.02,0.03
129,15,BOYACÁ,15646,SAMACÁ,Bajo,0.0,0.02,0.0,0.01,0.0
130,15,BOYACÁ,15660,SAN EDUARDO,Bajo,0.0,0.06,0.0,0.05,0.0
131,15,BOYACÁ,15664,SAN JOSÉ DE PARE,Bajo,0.0,0.01,0.0,0.0,0.0
132,15,BOYACÁ,15667,SAN LUIS DE GACENO,Bajo,0.02,0.02,0.0,0.02,0.0
133,15,BOYACÁ,15673,SAN MATEO,Bajo,0.0,0.01,0.0,0.0,0.0
134,15,BOYACÁ,15676,SAN MIGUEL DE SEMA,Bajo,0.0,0.01,0.0,0.0,0.0
135,15,BOYACÁ,15681,SAN PABLO DE BORBUR,Bajo,0.03,0.01,0.01,0.0,0.01
136,15,BOYACÁ,15686,SANTANA,Bajo,0.0,0.01,0.01,0.0,0.01
137,15,BOYACÁ,15690,SANTA MARÍA,Bajo,0.02,0.03,0.02,0.02,0.02
138,15,BOYACÁ,15693,SANTA ROSA DE VITERBO,Bajo,0.0,0.01,0.0,0.0,0.0
139,15,BOYACÁ,15696,SANTA SOFÍA,Bajo,0.0,0.01,0.03,0.0,0.03
140,15,BOYACÁ,15720,SATIVANORTE,Bajo,0.0,0.01,0.0,0.0,0.0
141,15,BOYACÁ,15723,SATIVASUR,Bajo,0.0,0.01,0.0,0.0,0.0
142,15,BOYACÁ,15740,SIACHOQUE,Bajo,0.0,0.01,0.0,0.0,0.0
143,15,BOYACÁ,15753,SOATÁ,Bajo,0.0,0.01,0.01,0.0,0.01
144,15,BOYACÁ,15755,SOCOTÁ,Bajo,0.0,0.02,0.01,0.01,0.01
145,15,BOYACÁ,15757,SOCHA,Bajo,0.0,0.01,0.0,0.0,0.0
146,15,BOYACÁ,15759,SOGAMOSO,Bajo,0.0,0.01,0.0,0.0,0.0
147,15,BOYACÁ,15761,SOMONDOCO,Bajo,0.0,0.01,0.0,0.0,0.0
148,15,BOYACÁ,15762,SORA,Bajo,0.03,0.01,0.0,0.0,0.0
149,15,BOYACÁ,15763,SOTAQUIRÁ,Bajo,0.0,0.01,0.0,0.0,0.0
150,15,BOYACÁ,15764,SORACÁ,Bajo,0.0,0.01,0.0,0.0,0.0
151,15,BOYACÁ,15774,SUSACÓN,Bajo,0.0,0.01,0.0,0.0,0.0
152,15,BOYACÁ,15776,SUTAMARCHÁN,Bajo,0.0,0.01,0.0,0.0,0.0
153,15,BOYACÁ,15778,SUTATENZA,Bajo,0.0,0.03,0.02,0.02,0.02
154,15,BOYACÁ,15790,TASCO,Bajo,0.01,0.02,0.01,0.01,0.01
155,15,BOYACÁ,15798,TENZA,Bajo,0.0,0.01,0.0,0.0,0.0
156,15,BOYACÁ,15804,TIBANÁ,Bajo,0.01,0.01,0.0,0.0,0.0
157,15,BOYACÁ,15806,TIBASOSA,Bajo,0.01,0.01,0.0,0.0,0.0
158,15,BOYACÁ,15808,TINJACÁ,Bajo,0.03,0.01,0.0,0.0,0.0
159,15,BOYACÁ,15810,TIPACOQUE,Bajo,0.03,0.01,0.0,0.0,0.0
160,15,BOYACÁ,15814,TOCA,Bajo,0.01,0.02,0.0,0.01,0.0
161,15,BOYACÁ,15816,TOGÜÍ,Bajo,0.0,0.01,0.02,0.0,0.02
162,15,BOYACÁ,15820,TÓPAGA,Bajo,0.0,0.01,0.02,0.0,0.02
163,15,BOYACÁ,15822,TOTA,Bajo,0.0,0.01,0.0,0.0,0.0
164,15,BOYACÁ,15832,TUNUNGUÁ,Bajo,0.0,0.01,0.0,0.0,0.0
165,15,BOYACÁ,15835,TURMEQUÉ,Bajo,0.0,0.01,0.0,0.0,0.0
166,15,BOYACÁ,15837,TUTA,Bajo,0.0,0.02,0.0,0.01,0.0
167,15,BOYACÁ,15839,TUTAZÁ,Bajo,0.0,0.24,0.0,0.08,0.0
168,15,BOYACÁ,15842,UMBITA,Bajo,0.0,0.03,0.0,0.02,0.0
169,15,BOYACÁ,15861,VENTAQUEMADA,Bajo,0.0,0.01,0.01,0.0,0.02
170,15,BOYACÁ,15879,VIRACACHÁ,Bajo,0.0,0.01,0.0,0.0,0.0
171,15,BOYACÁ,15897,ZETAQUIRA,Bajo,0.0,0.01,0.0,0.0,0.0
172,17,CALDAS,17001,MANIZALES,Bajo,0.01,0.02,0.01,0.02,0.01
173,17,CALDAS,17013,AGUADAS,Bajo,0.02,0.03,0.01,0.03,0.07
174,17,CALDAS,17042,ANSERMA,Bajo,0.02,0.04,0.02,0.01,0.02
175,17,CALDAS,17050,ARANZAZU,Bajo,0.02,0.01,0.02,0.0,0.02
176,17,CALDAS,17088,BELALCÁZAR,Bajo,0.16,0.03,0.02,0.02,0.02
177,17,CALDAS,17174,CHINCHINÁ,Bajo,0.05,0.04,0.02,0.03,0.02
178,17,CALDAS,17272,FILADELFIA,Bajo,0.02,0.01,0.01,0.01,0.01
179,17,CALDAS,17380,LA DORADA,Bajo,0.05,0.03,0.01,0.03,0.01
180,17,CALDAS,17388,LA MERCED,Bajo,0.17,0.02,0.0,0.01,0.0
181,17,CALDAS,17433,MANZANARES,Bajo,0.02,0.03,0.03,0.02,0.03
182,17,CALDAS,17442,MARMATO,Bajo,0.01,0.04,0.05,0.04,0.05
183,17,CALDAS,17444,MARQUETALIA,Bajo,0.01,0.03,0.03,0.02,0.03
184,17,CALDAS,17446,MARULANDA,Bajo,0.03,0.04,0.03,0.03,0.03
185,17,CALDAS,17486,NEIRA,Bajo,0.04,0.03,0.03,0.02,0.05
186,17,CALDAS,17495,NORCASIA,Bajo,0.01,0.01,0.0,0.0,0.0
187,17,CALDAS,17513,PÁCORA,Bajo,0.02,0.01,0.11,0.0,0.03
188,17,CALDAS,17524,PALESTINA,Bajo,0.07,0.03,0.04,0.02,0.04
189,17,CALDAS,17541,PENSILVANIA,Bajo,0.01,0.02,0.01,0.01,0.01
190,17,CALDAS,17614,RIOSUCIO,Bajo,0.01,0.07,0.0,0.04,0.0
191,17,CALDAS,17616,RISARALDA,Bajo,0.01,0.09,0.06,0.0,0.07
192,17,CALDAS,17653,SALAMINA,Bajo,0.01,0.02,0.01,0.02,0.01
193,17,CALDAS,17662,SAMANÁ,Bajo,0.01,0.04,0.02,0.04,0.02
194,17,CALDAS,17665,SAN JOSÉ,Bajo,0.0,0.01,0.03,0.0,0.04
195,17,CALDAS,17777,SUPÍA,Bajo,0.05,0.03,0.01,0.02,0.02
196,17,CALDAS,17867,VICTORIA,Bajo,0.04,0.01,0.01,0.01,0.01
197,17,CALDAS,17873,VILLAMARÍA,Bajo,0.01,0.02,0.0,0.01,0.0
198,17,CALDAS,17877,VITERBO,Bajo,0.01,0.03,0.01,0.02,0.01
199,18,CAQUETÁ,18001,FLORENCIA,Bajo,0.05,0.05,0.03,0.03,0.03
200,18,CAQUETÁ,18029,ALBANIA,Bajo,0.21,0.01,,0.0,0.09
201,18,CAQUETÁ,18029,ALBANIA,Medio bajo,,,0.59,,
202,18,CAQUETÁ,18094,BELÉN DE LOS ANDAQUÍES,Bajo,0.17,0.02,0.02,0.27,0.03
203,18,CAQUETÁ,18150,CARTAGENA DEL CHAIRÁ,Bajo,0.15,0.21,0.28,0.24,0.18
204,18,CAQUETÁ,18205,CURILLO,Bajo,0.05,0.4,,0.13,0.07
205,18,CAQUETÁ,18205,CURILLO,Medio,,,0.83,,
206,18,CAQUETÁ,18247,EL DONCELLO,Bajo,0.1,0.04,0.04,0.05,0.03
207,18,CAQUETÁ,18256,EL PAUJIL,Bajo,0.09,0.2,0.03,0.05,0.04
208,18,CAQUETÁ,18410,LA MONTAÑITA,Bajo,0.27,0.45,,0.34,0.4
209,18,CAQUETÁ,18410,LA MONTAÑITA,Medio bajo,,,0.46,,
210,18,CAQUETÁ,18460,MILÁN,Bajo,0.27,0.11,0.06,0.15,0.06
211,18,CAQUETÁ,18479,MORELIA,Bajo,0.03,0.01,0.03,0.02,0.03
212,18,CAQUETÁ,18592,PUERTO RICO,Bajo,0.27,0.18,0.15,0.22,0.12
213,18,CAQUETÁ,18610,SAN JOSÉ DEL FRAGUA,Bajo,0.17,0.41,0.13,0.28,0.28
214,18,CAQUETÁ,18753,SAN VICENTE DEL CAGUÁN,Bajo,0.2,0.31,0.21,0.16,0.14
215,18,CAQUETÁ,18756,SOLANO,Bajo,0.38,0.4,0.3,0.08,0.13
216,18,CAQUETÁ,18785,SOLITA,Bajo,0.03,0.08,0.07,0.08,0.07
217,18,CAQUETÁ,18860,VALPARAÍSO,Bajo,0.04,0.17,0.04,0.29,0.04
218,19,CAUCA,19001,POPAYÁN,Bajo,0.03,0.02,0.03,0.02,0.03
219,19,CAUCA,19022,ALMAGUER,Bajo,0.15,0.12,0.03,0.11,0.02
220,19,CAUCA,19050,ARGELIA,Bajo,0.21,,,,
221,19,CAUCA,19050,ARGELIA,Medio,,,,0.98,
222,19,CAUCA,19050,ARGELIA,Medio bajo,,0.6,0.52,,
223,19,CAUCA,19050,ARGELIA,Muy Alto,,,,,1.72
224,19,CAUCA,19075,BALBOA,Bajo,0.08,0.32,0.09,0.24,0.21
225,19,CAUCA,19100,BOLÍVAR,Bajo,0.05,0.13,0.06,0.06,0.07
226,19,CAUCA,19110,BUENOS AIRES,Bajo,0.13,0.21,0.16,0.29,0.27
227,19,CAUCA,19130,CAJIBÍO,Bajo,0.09,0.13,0.13,0.06,0.08
228,19,CAUCA,19137,CALDONO,Bajo,0.08,0.13,0.04,0.08,0.08
229,19,CAUCA,19142,CALOTO,Bajo,0.19,0.43,,,0.24
230,19,CAUCA,19142,CALOTO,Medio bajo,,,0.48,0.55,
231,19,CAUCA,19212,CORINTO,Medio,,0.8,0.89,,
232,19,CAUCA,19212,CORINTO,Medio bajo,0.51,,,0.6,0.58
233,19,CAUCA,19256,EL TAMBO,Bajo,0.42,0.38,,,0.35
234,19,CAUCA,19256,EL TAMBO,Medio bajo,,,0.46,0.56,
235,19,CAUCA,19290,FLORENCIA,Bajo,0.24,0.34,0.01,0.05,0.11
236,19,CAUCA,19300,GUACHENÉ,Bajo,0.22,0.2,0.06,0.08,0.1
237,19,CAUCA,19318,GUAPI,Bajo,0.1,0.14,0.27,0.22,0.2
238,19,CAUCA,19355,INZÁ,Bajo,0.12,0.02,0.02,0.06,0.06
239,19,CAUCA,19364,JAMBALÓ,Bajo,0.08,0.04,0.02,0.09,0.1
240,19,CAUCA,19392,LA SIERRA,Bajo,0.03,0.04,0.04,0.03,0.03
241,19,CAUCA,19397,LA VEGA,Bajo,0.04,0.07,0.02,0.01,0.07
242,19,CAUCA,19418,LÓPEZ,Bajo,0.19,0.19,0.12,0.27,0.11
243,19,CAUCA,19450,MERCADERES,Bajo,0.2,0.09,0.07,0.13,0.07
244,19,CAUCA,19455,MIRANDA,Bajo,0.15,0.26,0.12,0.14,0.31
245,19,CAUCA,19473,MORALES,Bajo,0.03,0.05,0.08,0.14,0.08
246,19,CAUCA,19513,PADILLA,Bajo,0.04,0.13,0.13,0.19,0.15
247,19,CAUCA,19517,PAÉZ,Bajo,0.05,0.02,0.14,0.08,0.07
248,19,CAUCA,19532,PATÍA,Bajo,0.13,0.18,0.19,0.33,0.13
249,19,CAUCA,19533,PIAMONTE,Bajo,0.32,0.37,0.42,0.41,
250,19,CAUCA,19533,PIAMONTE,Medio bajo,,,,,0.62
251,19,CAUCA,19548,PIENDAMÓ,Bajo,0.03,0.05,0.14,0.02,0.02
252,19,CAUCA,19573,PUERTO TEJADA,Bajo,0.11,0.14,0.13,0.19,0.14
253,19,CAUCA,19585,PURACÉ,Bajo,0.16,0.12,0.01,0.0,0.01
254,19,CAUCA,19622,ROSAS,Bajo,0.15,0.25,0.03,0.06,0.01
255,19,CAUCA,19693,SAN SEBASTIÁN,Bajo,0.02,0.02,0.02,0.01,0.01
256,19,CAUCA,19698,SANTANDER DE QUILICHAO,Bajo,0.1,0.17,0.14,0.14,0.15
257,19,CAUCA,19701,SANTA ROSA,Bajo,0.05,0.03,0.02,0.03,0.01
258,19,CAUCA,19743,SILVIA,Bajo,0.0,0.01,0.0,0.0,0.01
259,19,CAUCA,19760,SOTARÁ,Bajo,0.02,0.12,0.08,0.02,0.03
260,19,CAUCA,19780,SUÁREZ,Bajo,0.34,0.35,0.36,0.14,0.11
261,19,CAUCA,19785,SUCRE,Bajo,0.2,0.03,0.04,0.02,0.04
262,19,CAUCA,19807,TIMBÍO,Bajo,0.09,0.05,0.03,0.06,0.04
263,19,CAUCA,19809,TIMBIQUÍ,Bajo,0.15,0.12,0.11,0.13,0.14
264,19,CAUCA,19821,TORIBÍO,Bajo,0.08,0.11,0.44,0.11,0.06
265,19,CAUCA,19824,TOTORÓ,Bajo,0.05,0.08,0.0,0.23,0.0
266,19,CAUCA,19845,VILLA RICA,Bajo,0.07,0.21,0.05,0.07,0.05
267,20,CESAR,20001,VALLEDUPAR,Bajo,0.01,0.02,0.01,0.02,0.02
268,20,CESAR,20011,AGUACHICA,Bajo,0.04,0.04,0.04,0.03,0.04
269,20,CESAR,20013,AGUSTÍN CODAZZI,Bajo,0.03,0.03,0.03,0.03,0.01
270,20,CESAR,20032,ASTREA,Bajo,0.01,0.02,0.02,0.02,0.02
271,20,CESAR,20045,BECERRIL,Bajo,0.02,0.03,0.03,0.08,0.03
272,20,CESAR,20060,BOSCONIA,Bajo,0.02,0.03,0.02,0.02,0.02
273,20,CESAR,20175,CHIMICHAGUA,Bajo,0.04,0.01,0.01,0.0,0.01
274,20,CESAR,20178,CHIRIGUANÁ,Bajo,0.07,0.02,0.01,0.01,0.01
275,20,CESAR,20228,CURUMANÍ,Bajo,0.02,0.06,0.07,0.07,0.02
276,20,CESAR,20238,EL COPEY,Bajo,0.07,0.03,0.02,0.02,0.02
277,20,CESAR,20250,EL PASO,Bajo,0.08,0.04,0.02,0.03,0.05
278,20,CESAR,20295,GAMARRA,Bajo,0.02,0.04,0.0,0.01,0.0
279,20,CESAR,20310,GONZÁLEZ,Bajo,0.12,0.09,0.04,0.3,0.23
280,20,CESAR,20383,LA GLORIA,Bajo,0.11,0.13,0.02,0.04,0.02
281,20,CESAR,20400,LA JAGUA DE IBIRICO,Bajo,0.04,0.03,0.03,0.02,0.03
282,20,CESAR,20443,MANAURE,Bajo,0.02,0.02,0.02,0.01,0.02
283,20,CESAR,20517,PAILITAS,Bajo,0.09,0.16,0.08,0.18,0.17
284,20,CESAR,20550,PELAYA,Bajo,0.05,0.09,0.02,0.08,0.06
285,20,CESAR,20570,PUEBLO BELLO,Bajo,0.01,0.07,0.01,0.01,0.01
286,20,CESAR,20614,RÍO DE ORO,Bajo,0.19,0.04,0.01,0.06,0.08
287,20,CESAR,20621,LA PAZ,Bajo,0.01,0.02,0.03,0.01,0.03
288,20,CESAR,20710,SAN ALBERTO,Bajo,0.02,0.02,0.0,0.01,0.01
289,20,CESAR,20750,SAN DIEGO,Bajo,0.04,0.02,0.03,0.01,0.03
290,20,CESAR,20770,SAN MARTÍN,Bajo,0.02,0.03,0.02,0.08,0.02
291,20,CESAR,20787,TAMALAMEQUE,Bajo,0.02,0.05,0.05,0.02,0.13
292,23,CÓRDOBA,23001,MONTERÍA,Bajo,0.02,0.02,0.02,0.02,0.02
293,23,CÓRDOBA,23068,AYAPEL,Bajo,0.03,0.05,0.03,0.04,0.04
294,23,CÓRDOBA,23079,BUENAVISTA,Bajo,0.05,0.04,0.03,0.04,0.03
295,23,CÓRDOBA,23090,CANALETE,Bajo,0.16,0.1,0.06,0.04,0.08
296,23,CÓRDOBA,23162,CERETÉ,Bajo,0.01,0.03,0.02,0.03,0.02
297,23,CÓRDOBA,23168,CHIMÁ,Bajo,0.01,0.01,0.01,0.01,0.02
298,23,CÓRDOBA,23182,CHINÚ,Bajo,0.01,0.02,0.01,0.01,0.02
299,23,CÓRDOBA,23189,CIÉNAGA DE ORO,Bajo,0.01,0.01,0.01,0.01,0.01
300,23,CÓRDOBA,23300,COTORRA,Bajo,0.01,0.03,0.02,0.02,0.02
301,23,CÓRDOBA,23350,LA APARTADA,Bajo,0.01,0.04,0.07,0.04,0.15
302,23,CÓRDOBA,23417,LORICA,Bajo,0.03,0.03,0.02,0.02,0.02
303,23,CÓRDOBA,23419,LOS CÓRDOBAS,Bajo,0.11,0.04,0.03,0.04,0.03
304,23,CÓRDOBA,23464,MOMIL,Bajo,0.01,0.01,0.01,0.0,0.01
305,23,CÓRDOBA,23466,MONTELÍBANO,Bajo,0.08,0.08,0.14,0.14,0.15
306,23,CÓRDOBA,23500,MOÑITOS,Bajo,0.02,0.02,0.02,0.02,0.02
307,23,CÓRDOBA,23555,PLANETA RICA,Bajo,0.01,0.03,0.06,0.03,0.06
308,23,CÓRDOBA,23570,PUEBLO NUEVO,Bajo,0.0,0.02,0.01,0.01,0.03
309,23,CÓRDOBA,23574,PUERTO ESCONDIDO,Bajo,0.05,0.04,0.06,0.03,0.01
310,23,CÓRDOBA,23580,PUERTO LIBERTADOR,Bajo,0.12,0.07,0.26,0.15,0.14
311,23,CÓRDOBA,23586,PURÍSIMA,Bajo,0.01,0.01,0.03,0.01,0.03
312,23,CÓRDOBA,23660,SAHAGÚN,Bajo,0.01,0.02,0.02,0.02,0.02
313,23,CÓRDOBA,23670,SAN ANDRÉS SOTAVENTO,Bajo,0.01,0.01,0.0,0.01,0.01
314,23,CÓRDOBA,23672,SAN ANTERO,Bajo,0.02,0.02,0.04,0.02,0.04
315,23,CÓRDOBA,23675,SAN BERNARDO DEL VIENTO,Bajo,0.03,0.01,0.0,0.01,0.01
316,23,CÓRDOBA,23678,SAN CARLOS,Bajo,0.04,0.02,0.02,0.01,0.02
317,23,CÓRDOBA,23682,SAN JOSÉ DE URE,Bajo,0.04,,0.4,,0.31
318,23,CÓRDOBA,23682,SAN JOSÉ DE URE,Medio,,0.78,,,
319,23,CÓRDOBA,23682,SAN JOSÉ DE URE,Medio bajo,,,,0.64,
320,23,CÓRDOBA,23686,SAN PELAYO,Bajo,0.02,0.03,0.02,0.02,0.02
321,23,CÓRDOBA,23807,TIERRALTA,Bajo,0.12,0.12,0.13,0.1,0.18
322,23,CÓRDOBA,23815,TUCHÍN,Bajo,0.0,0.01,0.0,0.0,0.0
323,23,CÓRDOBA,23855,VALENCIA,Bajo,0.03,0.02,0.02,0.03,0.03
324,25,CUNDINAMARCA,25001,AGUA DE DIOS,Bajo,0.01,0.01,0.02,0.01,0.02
325,25,CUNDINAMARCA,25019,ALBÁN,Bajo,0.01,0.02,0.01,0.01,0.01
326,25,CUNDINAMARCA,25035,ANAPOIMA,Bajo,0.0,0.01,0.0,0.01,0.01
327,25,CUNDINAMARCA,25040,ANOLAIMA,Bajo,0.01,0.02,0.0,0.01,0.0
328,25,CUNDINAMARCA,25053,ARBELÁEZ,Bajo,0.0,0.01,0.0,0.0,0.0
329,25,CUNDINAMARCA,25086,BELTRÁN,Bajo,0.01,0.01,0.0,0.0,0.0
330,25,CUNDINAMARCA,25095,BITUIMA,Bajo,0.04,0.08,0.0,0.07,0.0
331,25,CUNDINAMARCA,25099,BOJACÁ,Bajo,0.02,0.01,0.0,0.0,0.0
332,25,CUNDINAMARCA,25120,CABRERA,Bajo,0.08,0.06,0.0,0.06,0.01
333,25,CUNDINAMARCA,25123,CACHIPAY,Bajo,0.02,0.01,0.02,0.01,0.02
334,25,CUNDINAMARCA,25126,CAJICÁ,Bajo,0.0,0.01,0.0,0.0,0.0
335,25,CUNDINAMARCA,25148,CAPARRAPÍ,Bajo,0.01,0.01,0.01,0.01,0.01
336,25,CUNDINAMARCA,25151,CÁQUEZA,Bajo,0.01,0.01,0.01,0.0,0.01
337,25,CUNDINAMARCA,25154,CARMEN DE CARUPA,Bajo,0.0,0.01,0.0,0.0,0.0
338,25,CUNDINAMARCA,25168,CHAGUANÍ,Bajo,0.08,0.01,0.0,0.0,0.0
339,25,CUNDINAMARCA,25175,CHÍA,Bajo,0.0,0.01,0.01,0.01,0.0
340,25,CUNDINAMARCA,25178,CHIPAQUE,Bajo,0.0,0.02,0.0,0.01,0.0
341,25,CUNDINAMARCA,25181,CHOACHÍ,Bajo,0.01,0.01,0.0,0.01,0.0
342,25,CUNDINAMARCA,25183,CHOCONTÁ,Bajo,0.0,0.03,0.01,0.02,0.01
343,25,CUNDINAMARCA,25200,COGUA,Bajo,0.01,0.01,0.0,0.0,0.0
344,25,CUNDINAMARCA,25214,COTA,Bajo,0.01,0.01,0.01,0.01,0.01
345,25,CUNDINAMARCA,25224,CUCUNUBÁ,Bajo,0.01,0.02,0.04,0.01,0.04
346,25,CUNDINAMARCA,25245,EL COLEGIO,Bajo,0.03,0.02,0.01,0.01,0.01
347,25,CUNDINAMARCA,25258,EL PEÑÓN,Bajo,0.0,0.06,0.0,0.05,0.0
348,25,CUNDINAMARCA,25260,EL ROSAL,Bajo,0.01,0.01,0.01,0.01,0.01
349,25,CUNDINAMARCA,25269,FACATATIVÁ,Bajo,0.02,0.01,0.0,0.01,0.01
350,25,CUNDINAMARCA,25279,FÓMEQUE,Bajo,0.01,0.01,0.0,0.0,0.0
351,25,CUNDINAMARCA,25281,FOSCA,Bajo,0.0,0.01,0.0,0.0,0.0
352,25,CUNDINAMARCA,25286,FUNZA,Bajo,0.0,0.01,0.01,0.0,0.01
353,25,CUNDINAMARCA,25288,FÚQUENE,Bajo,0.0,0.01,0.0,0.0,0.0
354,25,CUNDINAMARCA,25290,FUSAGASUGÁ,Bajo,0.01,0.01,0.01,0.01,0.01
355,25,CUNDINAMARCA,25293,GACHALÁ,Bajo,0.0,0.01,0.0,0.0,0.0
356,25,CUNDINAMARCA,25295,GACHANCIPÁ,Bajo,0.0,0.01,0.0,0.01,0.0
357,25,CUNDINAMARCA,25297,GACHETÁ,Bajo,0.02,0.07,0.04,0.06,0.04
358,25,CUNDINAMARCA,25299,GAMA,Bajo,0.0,0.01,0.0,0.0,0.0
359,25,CUNDINAMARCA,25307,GIRARDOT,Bajo,0.04,0.04,0.02,0.04,0.03
360,25,CUNDINAMARCA,25312,GRANADA,Bajo,0.0,0.01,0.01,0.0,0.13
361,25,CUNDINAMARCA,25317,GUACHETÁ,Bajo,0.0,0.01,0.0,0.0,0.0
362,25,CUNDINAMARCA,25320,GUADUAS,Bajo,0.04,0.02,0.01,0.02,0.02
363,25,CUNDINAMARCA,25322,GUASCA,Bajo,0.01,0.01,0.01,0.0,0.01
364,25,CUNDINAMARCA,25324,GUATAQUÍ,Bajo,0.0,0.01,0.0,0.0,0.0
365,25,CUNDINAMARCA,25326,GUATAVITA,Bajo,0.01,0.01,0.0,0.0,0.0
366,25,CUNDINAMARCA,25328,GUAYABAL DE SÍQUIMA,Bajo,0.0,0.04,0.0,0.04,0.0
367,25,CUNDINAMARCA,25335,GUAYABETAL,Bajo,0.0,0.01,0.01,0.0,0.01
368,25,CUNDINAMARCA,25339,GUTIÉRREZ,Bajo,0.08,0.01,0.02,0.0,0.02
369,25,CUNDINAMARCA,25368,JERUSALÉN,Bajo,0.0,0.01,0.0,0.0,0.0
370,25,CUNDINAMARCA,25372,JUNÍN,Bajo,0.0,0.02,0.01,0.01,0.01
371,25,CUNDINAMARCA,25377,LA CALERA,Bajo,0.01,0.06,0.0,0.01,0.01
372,25,CUNDINAMARCA,25386,LA MESA,Bajo,0.01,0.03,0.01,0.02,0.01
373,25,CUNDINAMARCA,25394,LA PALMA,Bajo,0.0,0.01,0.01,0.0,0.01
374,25,CUNDINAMARCA,25398,LA PEÑA,Bajo,0.03,0.02,0.0,0.01,0.0
375,25,CUNDINAMARCA,25402,LA VEGA,Bajo,0.01,0.02,0.02,0.01,0.02
376,25,CUNDINAMARCA,25407,LENGUAZAQUE,Bajo,0.03,0.02,0.01,0.02,0.01
377,25,CUNDINAMARCA,25426,MACHETÁ,Bajo,0.0,0.02,0.0,0.01,0.0
378,25,CUNDINAMARCA,25430,MADRID,Bajo,0.01,0.01,0.01,0.01,0.01
379,25,CUNDINAMARCA,25436,MANTA,Bajo,0.0,0.01,0.0,0.0,0.0
380,25,CUNDINAMARCA,25438,MEDINA,Bajo,0.13,0.01,0.01,0.0,0.01
381,25,CUNDINAMARCA,25473,MOSQUERA,Bajo,0.01,0.02,0.0,0.01,0.0
382,25,CUNDINAMARCA,25483,NARIÑO,Bajo,0.04,0.08,0.0,0.07,0.0
383,25,CUNDINAMARCA,25486,NEMOCÓN,Bajo,0.01,0.01,0.01,0.01,0.01
384,25,CUNDINAMARCA,25488,NILO,Bajo,0.02,0.04,0.0,0.02,0.0
385,25,CUNDINAMARCA,25489,NIMAIMA,Bajo,0.0,0.01,0.0,0.0,0.0
386,25,CUNDINAMARCA,25491,NOCAIMA,Bajo,0.06,0.02,0.03,0.01,0.03
387,25,CUNDINAMARCA,25506,VENECIA,Bajo,0.02,0.03,0.02,0.02,0.02
388,25,CUNDINAMARCA,25513,PACHO,Bajo,0.01,0.01,0.0,0.0,0.0
389,25,CUNDINAMARCA,25518,PAIME,Bajo,0.02,0.03,0.0,0.02,0.0
390,25,CUNDINAMARCA,25524,PANDI,Bajo,0.02,0.04,0.0,0.03,0.0
391,25,CUNDINAMARCA,25530,PARATEBUENO,Bajo,0.05,0.01,0.02,0.0,0.02
392,25,CUNDINAMARCA,25535,PASCA,Bajo,0.0,0.02,0.0,0.01,0.0
393,25,CUNDINAMARCA,25572,PUERTO SALGAR,Bajo,0.02,0.02,0.01,0.07,0.02
394,25,CUNDINAMARCA,25580,PULÍ,Bajo,0.0,0.03,0.0,0.03,0.0
395,25,CUNDINAMARCA,25592,QUEBRADANEGRA,Bajo,0.02,0.01,0.02,0.0,0.02
396,25,CUNDINAMARCA,25594,QUETAME,Bajo,0.02,0.01,0.0,0.0,0.0
397,25,CUNDINAMARCA,25596,QUIPILE,Bajo,0.01,0.02,0.01,0.01,0.01
398,25,CUNDINAMARCA,25599,APULO,Bajo,0.02,0.03,0.0,0.09,0.0
399,25,CUNDINAMARCA,25612,RICAURTE,Bajo,0.01,0.02,0.02,0.01,0.02
400,25,CUNDINAMARCA,25645,SAN ANTONIO DEL TEQUENDAMA,Bajo,0.01,0.03,0.02,0.02,0.02
401,25,CUNDINAMARCA,25649,SAN BERNARDO,Bajo,0.0,0.01,0.0,0.0,0.0
402,25,CUNDINAMARCA,25653,SAN CAYETANO,Bajo,0.02,0.01,0.0,0.0,0.0
403,25,CUNDINAMARCA,25658,SAN FRANCISCO,Bajo,0.0,0.02,0.01,0.02,0.01
404,25,CUNDINAMARCA,25662,SAN JUAN DE RÍO SECO,Bajo,0.01,0.02,0.01,0.01,0.01
405,25,CUNDINAMARCA,25718,SASAIMA,Bajo,0.0,0.01,0.0,0.01,0.0
406,25,CUNDINAMARCA,25736,SESQUILÉ,Bajo,0.0,0.01,0.01,0.0,0.01
407,25,CUNDINAMARCA,25740,SIBATÉ,Bajo,0.02,0.03,0.01,0.03,0.06
408,25,CUNDINAMARCA,25743,SILVANIA,Bajo,0.01,0.01,0.02,0.0,0.02
409,25,CUNDINAMARCA,25745,SIMIJACA,Bajo,0.01,0.01,0.0,0.01,0.0
410,25,CUNDINAMARCA,25754,SOACHA,Bajo,0.02,0.03,0.02,0.02,0.02
411,25,CUNDINAMARCA,25758,SOPÓ,Bajo,0.0,0.01,0.0,0.0,0.0
412,25,CUNDINAMARCA,25769,SUBACHOQUE,Bajo,0.0,0.01,0.0,0.01,0.0
413,25,CUNDINAMARCA,25772,SUESCA,Bajo,0.01,0.02,0.0,0.01,0.0
414,25,CUNDINAMARCA,25777,SUPATÁ,Bajo,0.0,0.01,0.0,0.0,0.0
415,25,CUNDINAMARCA,25779,SUSA,Bajo,0.0,0.01,0.01,0.0,0.01
416,25,CUNDINAMARCA,25781,SUTATAUSA,Bajo,0.0,0.02,0.22,0.01,0.01
417,25,CUNDINAMARCA,25785,TABIO,Bajo,0.01,0.01,0.0,0.0,0.0
418,25,CUNDINAMARCA,25793,TAUSA,Bajo,0.04,0.01,0.0,0.0,0.0
419,25,CUNDINAMARCA,25797,TENA,Bajo,0.01,0.01,0.02,0.0,0.02
420,25,CUNDINAMARCA,25799,TENJO,Bajo,0.01,0.02,0.01,0.0,0.01
421,25,CUNDINAMARCA,25805,TIBACUY,Bajo,0.02,0.01,0.02,0.0,0.02
422,25,CUNDINAMARCA,25807,TIBIRITA,Bajo,0.0,0.01,0.0,0.0,0.0
423,25,CUNDINAMARCA,25815,TOCAIMA,Bajo,0.01,0.01,0.01,0.01,0.01
424,25,CUNDINAMARCA,25817,TOCANCIPÁ,Bajo,0.0,0.01,0.0,0.0,0.01
425,25,CUNDINAMARCA,25823,TOPAIPÍ,Bajo,0.0,0.03,0.02,0.02,0.02
426,25,CUNDINAMARCA,25839,UBALÁ,Bajo,0.0,0.02,0.0,0.01,0.0
427,25,CUNDINAMARCA,25841,UBAQUE,Bajo,0.0,0.01,0.0,0.0,0.0
428,25,CUNDINAMARCA,25843,VILLA DE SAN DIEGO DE UBATE,Bajo,0.01,0.01,0.01,0.01,0.01
429,25,CUNDINAMARCA,25845,UNE,Bajo,0.0,0.02,0.0,0.01,0.0
430,25,CUNDINAMARCA,25851,ÚTICA,Bajo,0.02,0.01,0.0,0.0,0.0
431,25,CUNDINAMARCA,25862,VERGARA,Bajo,0.05,0.04,0.15,0.04,0.01
432,25,CUNDINAMARCA,25867,VIANÍ,Bajo,0.04,0.01,0.0,0.0,0.0
433,25,CUNDINAMARCA,25871,VILLAGÓMEZ,Bajo,0.0,0.01,0.0,0.0,0.0
434,25,CUNDINAMARCA,25873,VILLAPINZÓN,Bajo,0.01,0.03,0.0,0.02,0.0
435,25,CUNDINAMARCA,25875,VILLETA,Bajo,0.0,0.02,0.01,0.06,0.02
436,25,CUNDINAMARCA,25878,VIOTÁ,Bajo,0.0,0.02,0.07,0.01,0.07
437,25,CUNDINAMARCA,25885,YACOPÍ,Bajo,0.0,0.01,0.01,0.01,0.01
438,25,CUNDINAMARCA,25898,ZIPACÓN,Bajo,0.0,0.01,0.02,0.0,0.02
439,25,CUNDINAMARCA,25899,ZIPAQUIRÁ,Bajo,0.01,0.02,0.01,0.01,0.01
440,27,CHOCÓ,27001,QUIBDÓ,Bajo,0.11,0.1,0.11,0.17,0.12
441,27,CHOCÓ,27006,ACANDÍ,Bajo,0.11,0.13,0.04,0.18,0.13
442,27,CHOCÓ,27025,ALTO BAUDÓ,Bajo,0.3,0.03,0.23,,0.19
443,27,CHOCÓ,27025,ALTO BAUDÓ,Medio bajo,,,,0.53,
444,27,CHOCÓ,27050,ATRATO,Bajo,0.16,0.29,0.1,,0.16
445,27,CHOCÓ,27050,ATRATO,Medio,,,,0.8,
446,27,CHOCÓ,27073,BAGADÓ,Bajo,0.06,0.07,0.27,0.09,0.39
447,27,CHOCÓ,27075,BAHÍA SOLANO,Bajo,0.07,0.11,0.14,0.43,0.13
448,27,CHOCÓ,27077,BAJO BAUDÓ,Bajo,0.12,0.1,0.04,0.19,0.09
449,27,CHOCÓ,27099,BOJAYÁ,Bajo,0.01,0.02,0.16,0.22,0.15
450,27,CHOCÓ,27135,EL CANTÓN DEL SAN PABLO,Bajo,0.1,0.06,0.08,0.08,0.07
451,27,CHOCÓ,27150,CARMEN DEL DARIÉN,Bajo,0.29,0.29,0.26,0.12,0.14
452,27,CHOCÓ,27160,CÉRTEGUI,Bajo,0.01,0.28,0.02,0.05,0.01
453,27,CHOCÓ,27205,CONDOTO,Bajo,0.05,0.02,0.14,0.01,0.04
454,27,CHOCÓ,27245,EL CARMEN DE ATRATO,Bajo,0.04,0.32,0.12,0.16,0.1
455,27,CHOCÓ,27250,EL LITORAL DEL SAN JUAN,Bajo,0.25,0.09,0.3,0.17,0.15
456,27,CHOCÓ,27361,ISTMINA,Bajo,0.11,0.09,0.08,0.06,0.13
457,27,CHOCÓ,27372,JURADÓ,Bajo,0.09,0.19,0.36,,0.05
458,27,CHOCÓ,27372,JURADÓ,Medio bajo,,,,0.5,
459,27,CHOCÓ,27413,LLORÓ,Bajo,0.16,0.02,0.02,0.03,0.21
460,27,CHOCÓ,27425,MEDIO ATRATO,Bajo,0.09,,0.3,0.3,0.06
461,27,CHOCÓ,27425,MEDIO ATRATO,Medio bajo,,0.58,,,
462,27,CHOCÓ,27430,MEDIO BAUDÓ,Bajo,0.16,0.04,0.07,0.28,0.06
463,27,CHOCÓ,27450,MEDIO SAN JUAN,Bajo,0.17,0.13,0.12,0.04,
464,27,CHOCÓ,27450,MEDIO SAN JUAN,Medio,,,,,0.89
465,27,CHOCÓ,27491,NÓVITA,Bajo,0.13,0.1,0.08,0.2,0.08
466,27,CHOCÓ,27495,NUQUÍ,Bajo,0.04,0.01,0.05,0.18,0.19
467,27,CHOCÓ,27580,RÍO IRÓ,Bajo,0.09,0.04,0.02,0.01,0.02
468,27,CHOCÓ,27600,RÍO QUITO,Bajo,0.28,0.04,0.11,0.05,0.1
469,27,CHOCÓ,27615,RIOSUCIO,Bajo,0.44,0.12,0.08,0.11,0.08
470,27,CHOCÓ,27660,SAN JOSÉ DEL PALMAR,Bajo,,,,0.08,0.32
471,27,CHOCÓ,27660,SAN JOSÉ DEL PALMAR,Medio,0.89,0.88,,,
472,27,CHOCÓ,27660,SAN JOSÉ DEL PALMAR,Medio bajo,,,0.5,,
473,27,CHOCÓ,27745,SIPÍ,Bajo,,0.28,0.02,0.1,0.03
474,27,CHOCÓ,27745,SIPÍ,Medio bajo,0.46,,,,
475,27,CHOCÓ,27787,TADÓ,Bajo,0.24,0.15,0.1,0.07,0.15
476,27,CHOCÓ,27800,UNGUÍA,Bajo,0.39,0.11,0.13,0.1,0.13
477,27,CHOCÓ,27810,UNIÓN PANAMERICANA,Bajo,0.06,0.06,0.03,0.06,0.03
478,41,HUILA,41001,NEIVA,Bajo,0.02,0.03,0.03,0.03,0.02
479,41,HUILA,41006,ACEVEDO,Bajo,0.07,0.08,0.06,0.03,0.07
480,41,HUILA,41013,AGRADO,Bajo,0.02,0.01,0.01,0.0,0.01
481,41,HUILA,41016,AIPE,Bajo,0.01,0.02,0.03,0.01,0.03
482,41,HUILA,41020,ALGECIRAS,Bajo,0.07,0.05,0.22,,0.35
483,41,HUILA,41020,ALGECIRAS,Medio bajo,,,,0.52,
484,41,HUILA,41026,ALTAMIRA,Bajo,0.23,0.08,0.06,0.0,0.06
485,41,HUILA,41078,BARAYA,Bajo,0.07,0.18,0.04,,0.03
486,41,HUILA,41078,BARAYA,Medio bajo,,,,0.51,
487,41,HUILA,41132,CAMPOALEGRE,Bajo,0.04,0.06,0.05,0.14,0.05
488,41,HUILA,41206,COLOMBIA,Bajo,0.02,0.02,0.0,0.02,0.01
489,41,HUILA,41244,ELÍAS,Bajo,0.02,0.01,0.0,0.0,0.0
490,41,HUILA,41298,GARZÓN,Bajo,0.01,0.01,0.01,0.01,0.01
491,41,HUILA,41306,GIGANTE,Bajo,0.01,0.02,0.16,0.03,0.05
492,41,HUILA,41319,GUADALUPE,Bajo,0.02,0.02,0.01,0.01,0.01
493,41,HUILA,41349,HOBO,Bajo,0.04,0.03,0.01,0.02,0.01
494,41,HUILA,41357,IQUIRA,Bajo,0.03,0.05,0.17,0.04,0.24
495,41,HUILA,41359,ISNOS,Bajo,0.03,0.05,0.02,0.04,0.02
496,41,HUILA,41378,LA ARGENTINA,Bajo,0.0,0.11,0.02,0.0,0.01
497,41,HUILA,41396,LA PLATA,Bajo,0.01,0.03,0.03,0.01,0.02
498,41,HUILA,41483,NÁTAGA,Bajo,0.0,0.01,0.0,0.0,0.01
499,41,HUILA,41503,OPORAPA,Bajo,0.04,0.01,0.01,0.01,0.01
500,41,HUILA,41518,PAICOL,Bajo,0.15,0.06,0.0,0.05,0.0
501,41,HUILA,41524,PALERMO,Bajo,0.02,0.02,0.02,0.01,0.06
502,41,HUILA,41530,PALESTINA,Bajo,0.0,0.01,0.02,0.01,0.02
503,41,HUILA,41548,PITAL,Bajo,0.08,0.01,0.01,0.01,0.01
504,41,HUILA,41551,PITALITO,Bajo,0.03,0.03,0.02,0.04,0.03
505,41,HUILA,41615,RIVERA,Bajo,0.02,0.02,0.01,0.02,0.01
506,41,HUILA,41660,SALADOBLANCO,Bajo,0.03,0.03,0.08,0.03,0.07
507,41,HUILA,41668,SAN AGUSTÍN,Bajo,0.03,0.05,0.01,0.01,0.05
508,41,HUILA,41676,SANTA MARÍA,Bajo,0.01,0.04,0.02,0.04,0.02
509,41,HUILA,41770,SUAZA,Bajo,0.03,0.03,0.13,0.12,0.03
510,41,HUILA,41791,TARQUI,Bajo,0.0,0.03,0.03,0.02,0.02
511,41,HUILA,41797,TESALIA,Bajo,0.01,0.01,0.0,0.0,0.0
512,41,HUILA,41799,TELLO,Bajo,0.04,0.02,0.03,0.04,0.04
513,41,HUILA,41801,TERUEL,Bajo,0.01,0.03,0.05,0.02,0.05
514,41,HUILA,41807,TIMANÁ,Bajo,0.1,0.02,0.01,0.02,0.01
515,41,HUILA,41872,VILLAVIEJA,Bajo,0.02,0.02,0.01,0.01,0.02
516,41,HUILA,41885,YAGUARÁ,Bajo,0.0,0.02,0.0,0.01,0.0
517,44,LA GUAJIRA,44001,RIOHACHA,Bajo,0.03,0.05,0.04,0.03,0.04
518,44,LA GUAJIRA,44035,ALBANIA,Bajo,0.06,0.03,0.0,0.04,0.01
519,44,LA GUAJIRA,44078,BARRANCAS,Bajo,0.04,0.04,0.02,0.03,0.04
520,44,LA GUAJIRA,44090,DIBULLA,Bajo,0.13,0.02,0.05,0.02,0.05
521,44,LA GUAJIRA,44098,DISTRACCIÓN,Bajo,0.01,0.01,0.0,0.0,0.0
522,44,LA GUAJIRA,44110,EL MOLINO,Bajo,0.0,0.01,0.0,0.0,0.0
523,44,LA GUAJIRA,44279,FONSECA,Bajo,0.03,0.03,0.04,0.02,0.02
524,44,LA GUAJIRA,44378,HATONUEVO,Bajo,0.02,0.01,0.01,0.0,0.01
525,44,LA GUAJIRA,44420,LA JAGUA DEL PILAR,Bajo,0.0,0.01,0.03,0.0,0.02
526,44,LA GUAJIRA,44430,MAICAO,Bajo,0.07,0.08,0.06,0.07,0.05
527,44,LA GUAJIRA,44560,MANAURE,Bajo,0.0,0.01,0.0,0.0,0.02
528,44,LA GUAJIRA,44650,SAN JUAN DEL CESAR,Bajo,0.02,0.02,0.03,0.01,0.01
529,44,LA GUAJIRA,44847,URIBIA,Bajo,0.0,0.01,0.01,0.0,0.01
530,44,LA GUAJIRA,44855,URUMITA,Bajo,0.01,0.05,0.01,0.02,0.02
531,44,LA GUAJIRA,44874,VILLANUEVA,Bajo,0.03,0.02,0.02,0.05,0.03
532,47,MAGDALENA,47001,SANTA MARTA,Bajo,0.02,0.03,0.03,0.02,0.03
533,47,MAGDALENA,47030,ALGARROBO,Bajo,0.0,0.02,0.01,0.01,0.01
534,47,MAGDALENA,47053,ARACATACA,Bajo,0.04,0.04,0.01,0.03,0.02
535,47,MAGDALENA,47058,ARIGUANÍ,Bajo,0.01,0.02,0.02,0.01,0.02
536,47,MAGDALENA,47161,CERRO SAN ANTONIO,Bajo,0.01,0.01,0.0,0.0,0.0
537,47,MAGDALENA,47170,CHIBOLO,Bajo,0.01,0.01,0.0,0.0,0.0
538,47,MAGDALENA,47189,CIÉNAGA,Bajo,0.02,0.03,0.02,0.02,0.02
539,47,MAGDALENA,47205,CONCORDIA,Bajo,0.0,0.01,0.0,0.01,0.0
540,47,MAGDALENA,47245,EL BANCO,Bajo,0.02,0.02,0.01,0.01,0.02
541,47,MAGDALENA,47258,EL PIÑÓN,Bajo,0.0,0.01,0.0,0.01,0.0
542,47,MAGDALENA,47268,EL RETÉN,Bajo,0.02,0.01,0.02,0.01,0.0
543,47,MAGDALENA,47288,FUNDACIÓN,Bajo,0.02,0.02,0.02,0.01,0.02
544,47,MAGDALENA,47318,GUAMAL,Bajo,0.02,0.01,0.02,0.02,0.02
545,47,MAGDALENA,47460,NUEVA GRANADA,Bajo,0.0,0.01,0.0,0.0,0.0
546,47,MAGDALENA,47541,PEDRAZA,Bajo,0.01,0.02,0.01,0.01,0.01
547,47,MAGDALENA,47545,PIJIÑO DEL CARMEN,Bajo,0.02,0.01,0.0,0.01,0.0
548,47,MAGDALENA,47551,PIVIJAY,Bajo,0.05,0.01,0.01,0.01,0.01
549,47,MAGDALENA,47555,PLATO,Bajo,0.01,0.05,0.01,0.02,0.01
550,47,MAGDALENA,47570,PUEBLOVIEJO,Bajo,0.01,0.01,0.02,0.0,0.02
551,47,MAGDALENA,47605,REMOLINO,Bajo,0.0,0.01,0.0,0.0,0.0
552,47,MAGDALENA,47660,SABANAS DE SAN ÁNGEL,Bajo,0.01,0.01,0.0,0.0,0.01
553,47,MAGDALENA,47675,SALAMINA,Bajo,0.0,0.01,0.0,0.0,0.0
554,47,MAGDALENA,47692,SAN SEBASTIÁN DE BUENAVISTA,Bajo,0.0,0.01,0.0,0.0,0.01
555,47,MAGDALENA,47703,SAN ZENÓN,Bajo,0.01,0.01,0.01,0.01,0.01
556,47,MAGDALENA,47707,SANTA ANA,Bajo,0.01,0.01,0.05,0.0,0.02
557,47,MAGDALENA,47720,SANTA BÁRBARA DE PINTO,Bajo,0.0,0.01,0.0,0.01,0.01
558,47,MAGDALENA,47745,SITIONUEVO,Bajo,0.0,0.02,0.02,0.01,0.02
559,47,MAGDALENA,47798,TENERIFE,Bajo,0.01,0.03,0.01,0.02,0.01
560,47,MAGDALENA,47960,ZAPAYÁN,Bajo,0.0,0.01,0.0,0.0,0.0
561,47,MAGDALENA,47980,ZONA BANANERA,Bajo,0.02,0.06,0.03,0.05,0.03
562,50,META,50001,VILLAVICENCIO,Bajo,0.03,0.03,0.02,0.03,0.02
563,50,META,50006,ACACÍAS,Bajo,0.05,0.02,0.01,0.02,0.03
564,50,META,50110,BARRANCA DE UPÍA,Bajo,0.03,0.01,0.02,0.0,0.02
565,50,META,50124,CABUYARO,Bajo,0.0,0.02,0.04,0.03,0.05
566,50,META,50150,CASTILLA LA NUEVA,Bajo,0.08,0.02,0.01,0.0,0.01
567,50,META,50223,CUBARRAL,Bajo,0.0,0.01,0.02,0.01,0.03
568,50,META,50226,CUMARAL,Bajo,0.01,0.01,0.0,0.0,0.0
569,50,META,50245,EL CALVARIO,Bajo,0.0,0.01,0.0,0.0,0.0
570,50,META,50251,EL CASTILLO,Bajo,0.13,0.07,0.03,0.37,0.2
571,50,META,50270,EL DORADO,Bajo,0.01,0.01,0.01,0.01,0.01
572,50,META,50287,FUENTE DE ORO,Bajo,0.03,0.02,0.01,0.02,0.12
573,50,META,50313,GRANADA,Bajo,0.04,0.03,0.03,0.04,0.09
574,50,META,50318,GUAMAL,Bajo,0.04,0.01,0.0,0.01,0.02
575,50,META,50325,MAPIRIPÁN,Bajo,0.4,0.38,0.08,0.15,0.07
576,50,META,50330,MESETAS,Bajo,,0.3,0.24,0.27,
577,50,META,50330,MESETAS,Medio,,,,,0.84
578,50,META,50330,MESETAS,Medio bajo,0.61,,,,
579,50,META,50350,LA MACARENA,Bajo,0.21,,0.2,,0.28
580,50,META,50350,LA MACARENA,Medio bajo,,0.54,,0.47,
581,50,META,50370,URIBE,Bajo,0.37,,0.34,0.31,0.22
582,50,META,50370,URIBE,Medio bajo,,0.57,,,
583,50,META,50400,LEJANÍAS,Bajo,0.1,0.18,0.03,0.04,0.14
584,50,META,50450,PUERTO CONCORDIA,Bajo,,0.29,0.05,0.39,0.07
585,50,META,50450,PUERTO CONCORDIA,Medio bajo,0.52,,,,
586,50,META,50568,PUERTO GAITÁN,Bajo,0.03,0.03,0.01,0.03,0.04
587,50,META,50573,PUERTO LÓPEZ,Bajo,0.06,0.02,0.02,0.13,0.02
588,50,META,50577,PUERTO LLERAS,Bajo,0.18,0.1,0.03,0.05,0.02
589,50,META,50590,PUERTO RICO,Bajo,,,0.16,0.43,0.31
590,50,META,50590,PUERTO RICO,Medio bajo,0.69,0.49,,,
591,50,META,50606,RESTREPO,Bajo,0.02,0.01,0.02,0.01,0.02
592,50,META,50680,SAN CARLOS DE GUAROA,Bajo,0.01,0.03,0.03,0.03,0.17
593,50,META,50683,SAN JUAN DE ARAMA,Bajo,0.23,0.01,0.03,0.26,0.02
594,50,META,50686,SAN JUANITO,Bajo,0.0,0.01,0.0,0.0,0.0
595,50,META,50689,SAN MARTÍN,Bajo,0.13,0.04,0.02,0.02,0.06
596,50,META,50711,VISTAHERMOSA,Bajo,0.21,0.23,0.28,0.2,0.09
597,52,NARIÑO,52001,PASTO,Bajo,0.01,0.02,0.01,0.02,0.02
598,52,NARIÑO,52019,ALBÁN,Bajo,0.04,0.11,0.02,0.01,0.02
599,52,NARIÑO,52022,ALDANA,Bajo,0.01,0.04,0.0,0.12,0.04
600,52,NARIÑO,52036,ANCUYÁ,Bajo,0.01,0.02,0.03,0.01,0.03
601,52,NARIÑO,52051,ARBOLEDA,Bajo,0.0,0.02,0.0,0.01,0.0
602,52,NARIÑO,52079,BARBACOAS,Bajo,0.35,0.23,0.28,0.32,0.27
603,52,NARIÑO,52083,BELÉN,Bajo,0.01,0.02,0.02,0.02,0.02
604,52,NARIÑO,52110,BUESACO,Bajo,0.02,0.01,0.01,0.01,0.01
605,52,NARIÑO,52203,COLÓN,Bajo,0.01,0.01,0.02,0.0,0.01
606,52,NARIÑO,52207,CONSACÁ,Bajo,0.01,0.01,0.01,0.0,0.01
607,52,NARIÑO,52210,CONTADERO,Bajo,0.0,0.01,0.07,0.0,0.07
608,52,NARIÑO,52215,CÓRDOBA,Bajo,0.04,0.01,0.08,0.01,0.02
609,52,NARIÑO,52224,CUASPUD,Bajo,0.11,0.02,0.01,0.01,0.01
610,52,NARIÑO,52227,CUMBAL,Bajo,0.02,0.03,0.05,0.01,0.06
611,52,NARIÑO,52233,CUMBITARA,Bajo,0.21,,0.38,0.12,0.36
612,52,NARIÑO,52233,CUMBITARA,Medio bajo,,0.6,,,
613,52,NARIÑO,52240,CHACHAGÜÍ,Bajo,0.01,0.01,0.01,0.0,0.01
614,52,NARIÑO,52250,EL CHARCO,Bajo,0.37,0.31,0.42,0.32,
615,52,NARIÑO,52250,EL CHARCO,Medio bajo,,,,,0.65
616,52,NARIÑO,52254,EL PEÑOL,Bajo,0.08,0.03,0.09,0.02,0.08
617,52,NARIÑO,52256,EL ROSARIO,Bajo,0.21,0.37,0.1,0.19,0.11
618,52,NARIÑO,52258,EL TABLÓN DE GÓMEZ,Bajo,0.02,0.02,0.0,0.02,0.0
619,52,NARIÑO,52260,EL TAMBO,Bajo,0.02,0.01,0.03,0.0,0.03
620,52,NARIÑO,52287,FUNES,Bajo,0.01,0.02,0.0,0.01,0.0
621,52,NARIÑO,52317,GUACHUCAL,Bajo,0.04,0.05,0.07,0.04,0.04
622,52,NARIÑO,52320,GUAITARILLA,Bajo,0.01,0.01,0.01,0.01,0.02
623,52,NARIÑO,52323,GUALMATÁN,Bajo,0.01,0.01,0.0,0.0,0.0
624,52,NARIÑO,52352,ILES,Bajo,0.01,0.04,0.0,0.03,0.0
625,52,NARIÑO,52354,IMUÉS,Bajo,0.01,0.01,0.0,0.0,0.0
626,52,NARIÑO,52356,IPIALES,Bajo,0.07,0.09,0.08,0.08,0.07
627,52,NARIÑO,52378,LA CRUZ,Bajo,0.0,0.04,0.02,0.01,0.01
628,52,NARIÑO,52381,LA FLORIDA,Bajo,0.01,0.06,0.01,0.02,0.24
629,52,NARIÑO,52385,LA LLANADA,Bajo,0.03,0.04,0.04,0.01,0.02
630,52,NARIÑO,52390,LA TOLA,Bajo,0.17,0.11,0.38,0.17,
631,52,NARIÑO,52390,LA TOLA,Medio bajo,,,,,0.57
632,52,NARIÑO,52399,LA UNIÓN,Bajo,0.01,0.02,0.05,0.02,0.02
633,52,NARIÑO,52405,LEIVA,Bajo,0.08,0.34,0.13,0.13,
634,52,NARIÑO,52405,LEIVA,Medio bajo,,,,,0.5
635,52,NARIÑO,52411,LINARES,Bajo,0.04,0.05,0.05,0.16,0.04
636,52,NARIÑO,52418,LOS ANDES,Bajo,0.04,0.03,0.03,0.02,0.03
637,52,NARIÑO,52427,MAGÜI,Bajo,,0.14,0.26,0.2,
638,52,NARIÑO,52427,MAGÜI,Medio bajo,0.48,,,,0.57
639,52,NARIÑO,52435,MALLAMA,Bajo,0.04,0.21,0.39,,0.16
640,52,NARIÑO,52435,MALLAMA,Medio bajo,,,,0.59,
641,52,NARIÑO,52473,MOSQUERA,Bajo,0.22,0.04,0.15,0.06,0.14
642,52,NARIÑO,52480,NARIÑO,Bajo,0.01,0.03,0.03,0.04,0.03
643,52,NARIÑO,52490,OLAYA HERRERA,Bajo,0.26,0.32,,0.42,0.38
644,52,NARIÑO,52490,OLAYA HERRERA,Medio bajo,,,0.47,,
645,52,NARIÑO,52506,OSPINA,Bajo,0.0,0.01,0.0,0.0,0.0
646,52,NARIÑO,52520,FRANCISCO PIZARRO,Bajo,0.15,0.08,0.05,0.12,0.08
647,52,NARIÑO,52540,POLICARPA,Bajo,,0.37,0.29,0.42,0.25
648,52,NARIÑO,52540,POLICARPA,Medio bajo,0.47,,,,
649,52,NARIÑO,52560,POTOSÍ,Bajo,0.01,0.11,0.03,0.02,0.03
650,52,NARIÑO,52565,PROVIDENCIA,Bajo,0.02,0.07,0.22,0.07,0.1
651,52,NARIÑO,52573,PUERRES,Bajo,0.01,0.03,0.01,0.02,0.01
652,52,NARIÑO,52585,PUPIALES,Bajo,0.07,0.12,0.02,0.04,0.0
653,52,NARIÑO,52612,RICAURTE,Bajo,0.17,0.38,0.3,0.35,0.11
654,52,NARIÑO,52621,ROBERTO PAYÁN,Bajo,0.26,0.27,0.38,,
655,52,NARIÑO,52621,ROBERTO PAYÁN,Medio,,,,0.76,
656,52,NARIÑO,52621,ROBERTO PAYÁN,Muy Alto,,,,,1.52
657,52,NARIÑO,52678,SAMANIEGO,Bajo,0.17,0.26,0.22,0.33,0.12
658,52,NARIÑO,52683,SANDONÁ,Bajo,0.02,0.01,0.01,0.0,0.01
659,52,NARIÑO,52685,SAN BERNARDO,Bajo,0.02,0.05,0.01,0.05,0.02
660,52,NARIÑO,52687,SAN LORENZO,Bajo,0.01,0.03,0.01,0.02,0.01
661,52,NARIÑO,52693,SAN PABLO,Bajo,0.01,0.09,0.05,0.02,0.05
662,52,NARIÑO,52694,SAN PEDRO DE CARTAGO,Bajo,0.0,0.01,0.0,0.0,0.0
663,52,NARIÑO,52696,SANTA BÁRBARA,Bajo,0.23,0.1,,0.38,0.18
664,52,NARIÑO,52696,SANTA BÁRBARA,Medio bajo,,,0.51,,
665,52,NARIÑO,52699,SANTACRUZ,Bajo,0.14,,0.06,0.04,0.07
666,52,NARIÑO,52699,SANTACRUZ,Medio,,0.77,,,
667,52,NARIÑO,52720,SAPUYES,Bajo,0.03,0.01,0.0,0.0,0.0
668,52,NARIÑO,52786,TAMINANGO,Bajo,0.03,0.05,0.03,0.04,0.02
669,52,NARIÑO,52788,TANGUA,Bajo,0.01,0.02,0.02,0.01,0.02
670,52,NARIÑO,52835,SAN ANDRÉS DE TUMACO,Medio,0.89,0.81,,,
671,52,NARIÑO,52835,SAN ANDRÉS DE TUMACO,Medio bajo,,,0.7,0.61,0.69
672,52,NARIÑO,52838,TÚQUERRES,Bajo,0.01,0.04,0.01,0.01,0.01
673,52,NARIÑO,52885,YACUANQUER,Bajo,0.01,0.01,0.0,0.01,0.0
674,54,NORTE DE SANTANDER,54001,CÚCUTA,Bajo,0.05,0.06,0.05,0.05,0.05
675,54,NORTE DE SANTANDER,54003,ÁBREGO,Bajo,0.06,0.11,0.22,0.19,0.14
676,54,NORTE DE SANTANDER,54051,ARBOLEDAS,Bajo,0.0,0.01,0.01,0.0,0.01
677,54,NORTE DE SANTANDER,54099,BOCHALEMA,Bajo,0.0,0.02,0.0,0.01,0.0
678,54,NORTE DE SANTANDER,54109,BUCARASICA,Bajo,0.05,0.13,0.03,0.08,0.09
679,54,NORTE DE SANTANDER,54125,CÁCOTA,Bajo,0.03,0.01,0.0,0.0,0.0
680,54,NORTE DE SANTANDER,54128,CACHIRÁ,Bajo,0.01,0.01,0.0,0.0,0.0
681,54,NORTE DE SANTANDER,54172,CHINÁCOTA,Bajo,0.02,0.03,0.01,0.01,0.04
682,54,NORTE DE SANTANDER,54174,CHITAGÁ,Bajo,0.09,0.18,0.01,0.14,0.01
683,54,NORTE DE SANTANDER,54206,CONVENCIÓN,Bajo,,,0.45,,0.35
684,54,NORTE DE SANTANDER,54206,CONVENCIÓN,Medio,,0.88,,,
685,54,NORTE DE SANTANDER,54206,CONVENCIÓN,Medio bajo,0.53,,,0.55,
686,54,NORTE DE SANTANDER,54223,CUCUTILLA,Bajo,0.01,0.02,0.0,0.01,0.0
687,54,NORTE DE SANTANDER,54239,DURANIA,Bajo,0.22,0.04,0.02,0.04,0.02
688,54,NORTE DE SANTANDER,54245,EL CARMEN,Bajo,,,0.14,0.19,0.27
689,54,NORTE DE SANTANDER,54245,EL CARMEN,Medio,0.92,,,,
690,54,NORTE DE SANTANDER,54245,EL CARMEN,Medio bajo,,0.48,,,
691,54,NORTE DE SANTANDER,54250,EL TARRA,Alto,,1.28,,,
692,54,NORTE DE SANTANDER,54250,EL TARRA,Bajo,,,0.44,,0.27
693,54,NORTE DE SANTANDER,54250,EL TARRA,Medio,0.87,,,,
694,54,NORTE DE SANTANDER,54250,EL TARRA,Medio bajo,,,,0.55,
695,54,NORTE DE SANTANDER,54261,EL ZULIA,Bajo,0.08,0.17,0.06,0.06,0.06
696,54,NORTE DE SANTANDER,54313,GRAMALOTE,Bajo,0.0,0.04,0.01,0.04,0.01
697,54,NORTE DE SANTANDER,54344,HACARÍ,Medio bajo,0.67,,,0.61,0.55
698,54,NORTE DE SANTANDER,54344,HACARÍ,Muy Alto,,1.65,1.8,,
699,54,NORTE DE SANTANDER,54347,HERRÁN,Bajo,0.04,0.05,0.0,0.03,0.0
700,54,NORTE DE SANTANDER,54377,LABATECA,Bajo,0.05,0.06,0.03,0.0,0.03
701,54,NORTE DE SANTANDER,54385,LA ESPERANZA,Bajo,0.01,0.03,0.02,0.02,0.01
702,54,NORTE DE SANTANDER,54398,LA PLAYA,Bajo,0.12,0.24,,0.13,0.25
703,54,NORTE DE SANTANDER,54398,LA PLAYA,Medio bajo,,,0.54,,
704,54,NORTE DE SANTANDER,54405,LOS PATIOS,Bajo,0.01,0.02,0.01,0.02,0.01
705,54,NORTE DE SANTANDER,54418,LOURDES,Bajo,0.0,0.01,0.0,0.01,0.0
706,54,NORTE DE SANTANDER,54480,MUTISCUA,Bajo,0.02,0.01,0.0,0.0,0.0
707,54,NORTE DE SANTANDER,54498,OCAÑA,Bajo,0.08,0.1,0.06,0.05,0.04
708,54,NORTE DE SANTANDER,54518,PAMPLONA,Bajo,0.01,0.02,0.0,0.02,0.01
709,54,NORTE DE SANTANDER,54520,PAMPLONITA,Bajo,0.0,0.01,0.0,0.0,0.0
710,54,NORTE DE SANTANDER,54553,PUERTO SANTANDER,Bajo,0.11,0.12,0.13,0.42,0.24
711,54,NORTE DE SANTANDER,54599,RAGONVALIA,Bajo,0.03,0.02,0.06,0.02,0.06
712,54,NORTE DE SANTANDER,54660,SALAZAR,Bajo,0.2,0.04,0.02,0.0,0.02
713,54,NORTE DE SANTANDER,54670,SAN CALIXTO,Bajo,0.17,,,0.38,
714,54,NORTE DE SANTANDER,54670,SAN CALIXTO,Medio,,0.76,0.9,,
715,54,NORTE DE SANTANDER,54670,SAN CALIXTO,Medio bajo,,,,,0.56
716,54,NORTE DE SANTANDER,54673,SAN CAYETANO,Bajo,0.05,0.06,0.14,0.05,0.01
717,54,NORTE DE SANTANDER,54680,SANTIAGO,Bajo,0.06,0.01,0.03,0.17,0.02
718,54,NORTE DE SANTANDER,54720,SARDINATA,Bajo,0.4,0.25,0.32,0.44,0.4
719,54,NORTE DE SANTANDER,54743,SILOS,Bajo,0.01,0.01,0.03,0.0,0.03
720,54,NORTE DE SANTANDER,54800,TEORAMA,Bajo,,,,0.43,
721,54,NORTE DE SANTANDER,54800,TEORAMA,Medio,1.0,,,,
722,54,NORTE DE SANTANDER,54800,TEORAMA,Medio bajo,,,0.63,,0.46
723,54,NORTE DE SANTANDER,54800,TEORAMA,Muy Alto,,1.71,,,
724,54,NORTE DE SANTANDER,54810,TIBÚ,Alto,,,1.06,1.35,1.09
725,54,NORTE DE SANTANDER,54810,TIBÚ,Medio,0.81,0.85,,,
726,54,NORTE DE SANTANDER,54820,TOLEDO,Bajo,0.11,0.08,0.11,0.14,0.07
727,54,NORTE DE SANTANDER,54871,VILLA CARO,Bajo,0.02,0.04,0.0,0.03,0.0
728,54,NORTE DE SANTANDER,54874,VILLA DEL ROSARIO,Bajo,0.06,0.05,0.05,0.04,0.04
729,63,QUINDÍO,63001,ARMENIA,Bajo,0.03,0.04,0.02,0.03,0.02
730,63,QUINDÍO,63111,BUENAVISTA,Bajo,0.0,0.01,0.08,0.0,0.08
731,63,QUINDÍO,63130,CALARCÁ,Bajo,0.05,0.05,0.04,0.04,0.03
732,63,QUINDÍO,63190,CIRCASIA,Bajo,0.03,0.05,0.05,0.08,0.05
733,63,QUINDÍO,63212,CÓRDOBA,Bajo,0.02,0.01,0.0,0.0,0.0
734,63,QUINDÍO,63272,FILANDIA,Bajo,0.1,0.03,0.01,0.02,0.01
735,63,QUINDÍO,63302,GÉNOVA,Bajo,0.1,0.04,0.01,0.03,0.01
736,63,QUINDÍO,63401,LA TEBAIDA,Bajo,0.04,0.05,0.05,0.05,0.06
737,63,QUINDÍO,63470,MONTENEGRO,Bajo,0.03,0.07,0.08,0.07,0.07
738,63,QUINDÍO,63548,PIJAO,Bajo,0.0,0.04,0.02,0.09,0.02
739,63,QUINDÍO,63594,QUIMBAYA,Bajo,0.08,0.09,0.07,0.04,0.06
740,63,QUINDÍO,63690,SALENTO,Bajo,0.06,0.04,0.03,0.04,0.03
741,66,RISARALDA,66001,PEREIRA,Bajo,0.04,0.03,0.02,0.02,0.03
742,66,RISARALDA,66045,APÍA,Bajo,0.02,0.04,0.07,0.03,0.07
743,66,RISARALDA,66075,BALBOA,Bajo,0.04,0.05,0.03,0.04,0.03
744,66,RISARALDA,66088,BELÉN DE UMBRÍA,Bajo,0.1,0.02,0.02,0.02,0.02
745,66,RISARALDA,66170,DOSQUEBRADAS,Bajo,0.03,0.02,0.01,0.03,0.01
746,66,RISARALDA,66318,GUÁTICA,Bajo,0.02,0.01,0.0,0.01,0.0
747,66,RISARALDA,66383,LA CELIA,Bajo,0.03,0.03,0.07,0.02,0.07
748,66,RISARALDA,66400,LA VIRGINIA,Bajo,0.03,0.04,0.02,0.03,0.04
749,66,RISARALDA,66440,MARSELLA,Bajo,0.02,0.03,0.01,0.03,0.01
750,66,RISARALDA,66456,MISTRATÓ,Bajo,0.02,0.03,0.03,0.07,0.04
751,66,RISARALDA,66572,PUEBLO RICO,Bajo,0.35,0.17,0.01,0.02,0.12
752,66,RISARALDA,66594,QUINCHÍA,Bajo,0.02,0.02,0.01,0.01,0.01
753,66,RISARALDA,66682,SANTA ROSA DE CABAL,Bajo,0.03,0.02,0.03,0.01,0.02
754,66,RISARALDA,66687,SANTUARIO,Bajo,0.26,0.21,0.06,0.05,0.06
755,68,SANTANDER,68001,BUCARAMANGA,Bajo,0.02,0.02,0.02,0.01,0.02
756,68,SANTANDER,68013,AGUADA,Bajo,0.0,0.01,0.0,0.0,0.0
757,68,SANTANDER,68020,ALBANIA,Bajo,0.02,0.05,0.0,0.04,0.0
758,68,SANTANDER,68051,ARATOCA,Bajo,0.0,0.01,0.0,0.0,0.0
759,68,SANTANDER,68077,BARBOSA,Bajo,0.01,0.05,0.0,0.01,0.01
760,68,SANTANDER,68079,BARICHARA,Bajo,0.01,0.01,0.0,0.0,0.0
761,68,SANTANDER,68081,BARRANCABERMEJA,Bajo,0.02,0.02,0.02,0.01,0.03
762,68,SANTANDER,68092,BETULIA,Bajo,0.0,0.01,0.0,0.0,0.0
763,68,SANTANDER,68101,BOLÍVAR,Bajo,0.04,0.01,0.01,0.01,0.22
764,68,SANTANDER,68121,CABRERA,Bajo,0.0,0.01,0.04,0.0,0.04
765,68,SANTANDER,68132,CALIFORNIA,Bajo,0.0,0.01,0.0,0.0,0.0
766,68,SANTANDER,68147,CAPITANEJO,Bajo,0.0,0.01,0.03,0.0,0.03
767,68,SANTANDER,68152,CARCASÍ,Bajo,0.0,0.01,0.0,0.0,0.0
768,68,SANTANDER,68160,CEPITÁ,Bajo,0.0,0.01,0.0,0.0,0.0
769,68,SANTANDER,68162,CERRITO,Bajo,0.0,0.02,0.01,0.01,0.01
770,68,SANTANDER,68167,CHARALÁ,Bajo,0.01,0.01,0.0,0.0,0.0
771,68,SANTANDER,68169,CHARTA,Bajo,0.0,0.01,0.0,0.0,0.0
772,68,SANTANDER,68176,CHIMA,Bajo,0.0,0.01,0.0,0.0,0.0
773,68,SANTANDER,68179,CHIPATÁ,Bajo,0.02,0.01,0.02,0.0,0.02
774,68,SANTANDER,68190,CIMITARRA,Bajo,0.02,0.08,0.03,0.07,0.03
775,68,SANTANDER,68207,CONCEPCIÓN,Bajo,0.0,0.01,0.0,0.0,0.0
776,68,SANTANDER,68209,CONFINES,Bajo,0.03,0.01,0.03,0.0,0.03
777,68,SANTANDER,68211,CONTRATACIÓN,Bajo,0.0,0.01,0.0,0.0,0.0
778,68,SANTANDER,68217,COROMORO,Bajo,0.0,0.01,0.0,0.0,0.0
779,68,SANTANDER,68229,CURITÍ,Bajo,0.02,0.02,0.0,0.01,0.0
780,68,SANTANDER,68235,EL CARMEN DE CHUCURÍ,Bajo,0.01,0.07,0.0,0.0,0.0
781,68,SANTANDER,68245,EL GUACAMAYO,Bajo,0.0,0.01,0.0,0.0,0.0
782,68,SANTANDER,68250,EL PEÑÓN,Bajo,0.02,0.02,0.05,0.02,0.05
783,68,SANTANDER,68255,EL PLAYÓN,Bajo,0.03,0.01,0.03,0.0,0.03
784,68,SANTANDER,68264,ENCINO,Bajo,0.0,0.01,0.0,0.0,0.0
785,68,SANTANDER,68266,ENCISO,Bajo,0.02,0.01,0.0,0.0,0.0
786,68,SANTANDER,68271,FLORIÁN,Bajo,0.02,0.01,0.03,0.0,0.03
787,68,SANTANDER,68276,FLORIDABLANCA,Bajo,0.0,0.01,0.0,0.01,0.01
788,68,SANTANDER,68296,GALÁN,Bajo,0.0,0.07,0.0,0.0,0.0
789,68,SANTANDER,68298,GÁMBITA,Bajo,0.0,0.03,0.04,0.02,0.04
790,68,SANTANDER,68307,GIRÓN,Bajo,0.01,0.02,0.01,0.01,0.01
791,68,SANTANDER,68318,GUACA,Bajo,0.04,0.04,0.0,0.03,0.0
792,68,SANTANDER,68320,GUADALUPE,Bajo,0.0,0.01,0.0,0.0,0.0
793,68,SANTANDER,68322,GUAPOTÁ,Bajo,0.0,0.01,0.0,0.0,0.0
794,68,SANTANDER,68324,GUAVATÁ,Bajo,0.0,0.01,0.0,0.0,0.0
795,68,SANTANDER,68327,GÜEPSA,Bajo,0.03,0.01,0.02,0.0,0.02
796,68,SANTANDER,68344,HATO,Bajo,0.04,0.01,0.0,0.0,0.0
797,68,SANTANDER,68368,JESÚS MARÍA,Bajo,0.0,0.03,0.0,0.03,0.0
798,68,SANTANDER,68370,JORDÁN,Bajo,0.06,0.01,0.0,0.0,0.0
799,68,SANTANDER,68377,LA BELLEZA,Bajo,0.0,0.01,0.03,0.0,0.03
800,68,SANTANDER,68385,LANDÁZURI,Bajo,0.02,0.01,0.02,0.0,0.02
801,68,SANTANDER,68397,LA PAZ,Bajo,0.03,0.02,0.0,0.02,0.0
802,68,SANTANDER,68406,LEBRIJA,Bajo,0.0,0.01,0.0,0.02,0.0
803,68,SANTANDER,68418,LOS SANTOS,Bajo,0.0,0.01,0.0,0.0,0.01
804,68,SANTANDER,68425,MACARAVITA,Bajo,0.0,0.01,0.0,0.0,0.0
805,68,SANTANDER,68432,MÁLAGA,Bajo,0.0,0.01,0.0,0.0,0.0
806,68,SANTANDER,68444,MATANZA,Bajo,0.0,0.01,0.0,0.0,0.0
807,68,SANTANDER,68464,MOGOTES,Bajo,0.01,0.01,0.01,0.0,0.01
808,68,SANTANDER,68468,MOLAGAVITA,Bajo,0.0,0.01,0.0,0.0,0.0
809,68,SANTANDER,68498,OCAMONTE,Bajo,0.0,0.01,0.03,0.0,0.03
810,68,SANTANDER,68500,OIBA,Bajo,0.0,0.02,0.01,0.02,0.01
811,68,SANTANDER,68502,ONZAGA,Bajo,0.0,0.01,0.02,0.0,0.02
812,68,SANTANDER,68522,PALMAR,Bajo,0.0,0.01,0.0,0.0,0.0
813,68,SANTANDER,68524,PALMAS DEL SOCORRO,Bajo,0.03,0.01,0.0,0.0,0.0
814,68,SANTANDER,68533,PÁRAMO,Bajo,0.0,0.02,0.0,0.02,0.0
815,68,SANTANDER,68547,PIEDECUESTA,Bajo,0.01,0.02,0.01,0.01,0.01
816,68,SANTANDER,68549,PINCHOTE,Bajo,0.02,0.01,0.0,0.0,0.0
817,68,SANTANDER,68572,PUENTE NACIONAL,Bajo,0.01,0.01,0.0,0.01,0.0
818,68,SANTANDER,68573,PUERTO PARRA,Bajo,0.0,0.05,0.0,0.04,0.0
819,68,SANTANDER,68575,PUERTO WILCHES,Bajo,0.02,0.05,0.03,0.01,0.06
820,68,SANTANDER,68615,RIONEGRO,Bajo,0.02,0.1,0.02,0.01,0.06
821,68,SANTANDER,68655,SABANA DE TORRES,Bajo,0.02,0.01,0.04,0.01,0.02
822,68,SANTANDER,68669,SAN ANDRÉS,Bajo,0.0,0.04,0.02,0.01,0.02
823,68,SANTANDER,68673,SAN BENITO,Bajo,0.0,0.01,0.0,0.0,0.0
824,68,SANTANDER,68679,SAN GIL,Bajo,0.0,0.02,0.0,0.01,0.0
825,68,SANTANDER,68682,SAN JOAQUÍN,Bajo,0.04,0.04,0.0,0.04,0.0
826,68,SANTANDER,68684,SAN JOSÉ DE MIRANDA,Bajo,0.02,0.01,0.0,0.0,0.0
827,68,SANTANDER,68686,SAN MIGUEL,Bajo,0.0,0.01,0.0,0.0,0.0
828,68,SANTANDER,68689,SAN VICENTE DE CHUCURÍ,Bajo,0.0,0.01,0.06,0.01,0.01
829,68,SANTANDER,68705,SANTA BÁRBARA,Bajo,0.0,0.4,0.0,0.0,0.0
830,68,SANTANDER,68720,SANTA HELENA DEL OPÓN,Bajo,0.0,0.01,0.02,0.0,0.03
831,68,SANTANDER,68745,SIMACOTA,Bajo,0.01,0.01,0.01,0.01,0.01
832,68,SANTANDER,68755,SOCORRO,Bajo,0.0,0.01,0.0,0.0,0.0
833,68,SANTANDER,68770,SUAITA,Bajo,0.01,0.01,0.02,0.0,0.03
834,68,SANTANDER,68773,SUCRE,Bajo,0.04,0.01,0.02,0.0,0.02
835,68,SANTANDER,68780,SURATÁ,Bajo,0.19,0.01,0.02,0.08,0.02
836,68,SANTANDER,68820,TONA,Bajo,0.0,0.01,0.01,0.0,0.01
837,68,SANTANDER,68855,VALLE DE SAN JOSÉ,Bajo,0.01,0.01,0.0,0.0,0.0
838,68,SANTANDER,68861,VÉLEZ,Bajo,0.0,0.01,0.02,0.0,0.02
839,68,SANTANDER,68867,VETAS,Bajo,0.0,0.01,0.0,0.0,0.0
840,68,SANTANDER,68872,VILLANUEVA,Bajo,0.0,0.01,0.0,0.0,0.0
841,68,SANTANDER,68895,ZAPATOCA,Bajo,0.0,0.01,0.0,0.0,0.0
842,70,SUCRE,70001,SINCELEJO,Bajo,0.02,0.02,0.02,0.01,0.02
843,70,SUCRE,70110,BUENAVISTA,Bajo,0.0,0.01,0.01,0.0,0.01
844,70,SUCRE,70124,CAIMITO,Bajo,0.0,0.01,0.0,0.0,0.01
845,70,SUCRE,70204,COLOSÓ,Bajo,0.02,0.03,0.0,0.0,0.01
846,70,SUCRE,70215,COROZAL,Bajo,0.01,0.02,0.02,0.01,0.02
847,70,SUCRE,70221,COVEÑAS,Bajo,0.04,0.05,0.01,0.05,0.01
848,70,SUCRE,70230,CHALÁN,Bajo,0.09,0.03,0.02,0.09,0.1
849,70,SUCRE,70233,EL ROBLE,Bajo,0.0,0.01,0.02,0.0,0.02
850,70,SUCRE,70235,GALERAS,Bajo,0.01,0.02,0.01,0.01,0.02
851,70,SUCRE,70265,GUARANDA,Bajo,0.04,0.03,0.02,0.03,0.04
852,70,SUCRE,70400,LA UNIÓN,Bajo,0.01,0.01,0.01,0.0,0.01
853,70,SUCRE,70418,LOS PALMITOS,Bajo,0.01,0.02,0.0,0.01,0.02
854,70,SUCRE,70429,MAJAGUAL,Bajo,0.02,0.02,0.01,0.02,0.03
855,70,SUCRE,70473,MORROA,Bajo,0.02,0.01,0.01,0.01,0.05
856,70,SUCRE,70508,OVEJAS,Bajo,0.02,0.01,0.0,0.0,0.13
857,70,SUCRE,70523,PALMITO,Bajo,0.0,0.01,0.0,0.0,0.0
858,70,SUCRE,70670,SAMPUÉS,Bajo,0.04,0.02,0.02,0.01,0.01
859,70,SUCRE,70678,SAN BENITO ABAD,Bajo,0.01,0.02,0.04,0.02,0.03
860,70,SUCRE,70702,SAN JUAN DE BETULIA,Bajo,0.01,0.04,0.04,0.03,0.05
861,70,SUCRE,70708,SAN MARCOS,Bajo,0.03,0.03,0.02,0.05,0.03
862,70,SUCRE,70713,SAN ONOFRE,Bajo,0.04,0.05,0.09,0.05,0.09
863,70,SUCRE,70717,SAN PEDRO,Bajo,0.0,0.01,0.01,0.01,0.01
864,70,SUCRE,70742,SAN LUIS DE SINCÉ,Bajo,0.01,0.01,0.01,0.01,0.02
865,70,SUCRE,70771,SUCRE,Bajo,0.0,0.02,0.01,0.02,0.02
866,70,SUCRE,70820,SANTIAGO DE TOLÚ,Bajo,0.02,0.05,0.02,0.04,0.02
867,70,SUCRE,70823,TOLÚ VIEJO,Bajo,0.03,0.01,0.06,0.01,0.03
868,73,TOLIMA,73001,IBAGUÉ,Bajo,0.02,0.02,0.01,0.02,0.01
869,73,TOLIMA,73024,ALPUJARRA,Bajo,0.01,0.03,0.0,0.02,0.0
870,73,TOLIMA,73026,ALVARADO,Bajo,0.03,0.01,0.01,0.0,0.01
871,73,TOLIMA,73030,AMBALEMA,Bajo,0.05,0.08,0.04,0.08,0.04
872,73,TOLIMA,73043,ANZOÁTEGUI,Bajo,0.07,0.06,0.06,0.06,0.06
873,73,TOLIMA,73055,ARMERO,Bajo,0.01,0.01,0.02,0.01,0.18
874,73,TOLIMA,73067,ATACO,Bajo,0.04,0.02,0.02,0.14,0.02
875,73,TOLIMA,73124,CAJAMARCA,Bajo,0.03,0.02,0.04,0.01,0.05
876,73,TOLIMA,73148,CARMEN DE APICALÁ,Bajo,0.04,0.03,0.02,0.03,0.02
877,73,TOLIMA,73152,CASABIANCA,Bajo,0.03,0.05,0.07,0.04,0.07
878,73,TOLIMA,73168,CHAPARRAL,Bajo,0.05,0.07,0.07,0.06,0.02
879,73,TOLIMA,73200,COELLO,Bajo,0.0,0.02,0.01,0.01,0.01
880,73,TOLIMA,73217,COYAIMA,Bajo,0.08,0.09,0.03,0.03,0.03
881,73,TOLIMA,73226,CUNDAY,Bajo,0.03,0.01,0.0,0.0,0.0
882,73,TOLIMA,73236,DOLORES,Bajo,0.03,0.14,0.01,0.02,0.01
883,73,TOLIMA,73268,ESPINAL,Bajo,0.03,0.03,0.02,0.02,0.02
884,73,TOLIMA,73270,FALAN,Bajo,0.01,0.02,0.01,0.01,0.01
885,73,TOLIMA,73275,FLANDES,Bajo,0.04,0.05,0.03,0.05,0.04
886,73,TOLIMA,73283,FRESNO,Bajo,0.03,0.02,0.01,0.02,0.01
887,73,TOLIMA,73319,GUAMO,Bajo,0.03,0.02,0.01,0.02,0.01
888,73,TOLIMA,73347,HERVEO,Bajo,0.01,0.03,0.02,0.03,0.02
889,73,TOLIMA,73349,HONDA,Bajo,0.04,0.02,0.02,0.05,0.02
890,73,TOLIMA,73352,ICONONZO,Bajo,0.03,0.02,0.0,0.02,0.19
891,73,TOLIMA,73408,LÉRIDA,Bajo,0.03,0.03,0.01,0.02,0.02
892,73,TOLIMA,73411,LÍBANO,Bajo,0.01,0.02,0.02,0.02,0.02
893,73,TOLIMA,73443,SAN SEBASTIÁN DE MARIQUITA,Bajo,0.01,0.05,0.02,0.04,0.02
894,73,TOLIMA,73449,MELGAR,Bajo,0.06,0.02,0.03,0.02,0.03
895,73,TOLIMA,73461,MURILLO,Bajo,0.06,0.05,0.0,0.04,0.0
896,73,TOLIMA,73483,NATAGAIMA,Bajo,0.04,0.01,0.03,0.0,0.02
897,73,TOLIMA,73504,ORTEGA,Bajo,0.02,0.01,0.01,0.01,0.01
898,73,TOLIMA,73520,PALOCABILDO,Bajo,0.06,0.02,0.01,0.02,0.01
899,73,TOLIMA,73547,PIEDRAS,Bajo,0.0,0.01,0.0,0.0,0.0
900,73,TOLIMA,73555,PLANADAS,Bajo,0.05,0.04,0.19,0.09,0.06
901,73,TOLIMA,73563,PRADO,Bajo,0.03,0.02,0.02,0.01,0.02
902,73,TOLIMA,73585,PURIFICACIÓN,Bajo,0.0,0.02,0.0,0.02,0.0
903,73,TOLIMA,73616,RIOBLANCO,Bajo,0.05,0.02,0.04,0.02,0.04
904,73,TOLIMA,73622,RONCESVALLES,Bajo,0.02,0.02,0.05,0.02,0.05
905,73,TOLIMA,73624,ROVIRA,Bajo,0.07,0.12,0.05,0.05,0.05
906,73,TOLIMA,73671,SALDAÑA,Bajo,0.01,0.02,0.02,0.01,0.02
907,73,TOLIMA,73675,SAN ANTONIO,Bajo,0.03,0.02,0.04,0.01,0.04
908,73,TOLIMA,73678,SAN LUIS,Bajo,0.02,0.02,0.02,0.01,0.01
909,73,TOLIMA,73686,SANTA ISABEL,Bajo,0.06,0.01,0.27,0.0,0.05
910,73,TOLIMA,73770,SUÁREZ,Bajo,0.0,0.01,0.05,0.0,0.04
911,73,TOLIMA,73854,VALLE DE SAN JUAN,Bajo,0.04,0.02,0.01,0.02,0.02
912,73,TOLIMA,73861,VENADILLO,Bajo,0.02,0.02,0.01,0.01,0.02
913,73,TOLIMA,73870,VILLAHERMOSA,Bajo,0.05,0.07,0.0,0.07,0.0
914,73,TOLIMA,73873,VILLARRICA,Bajo,0.03,0.01,0.0,0.01,0.01
915,76,VALLE DEL CAUCA,76001,CALI,Bajo,0.06,0.06,0.05,0.05,0.05
916,76,VALLE DEL CAUCA,76020,ALCALÁ,Bajo,0.08,0.04,0.07,0.04,0.07
917,76,VALLE DEL CAUCA,76036,ANDALUCÍA,Bajo,0.06,0.19,0.1,0.07,0.06
918,76,VALLE DEL CAUCA,76041,ANSERMANUEVO,Bajo,0.12,0.1,0.06,0.15,0.06
919,76,VALLE DEL CAUCA,76054,ARGELIA,Bajo,0.03,0.12,0.02,0.36,0.02
920,76,VALLE DEL CAUCA,76100,BOLÍVAR,Bajo,0.06,0.07,0.05,0.07,0.04
921,76,VALLE DEL CAUCA,76109,BUENAVENTURA,Bajo,0.14,0.1,0.16,0.11,0.2
922,76,VALLE DEL CAUCA,76111,GUADALAJARA DE BUGA,Bajo,0.06,0.05,0.05,0.05,0.06
923,76,VALLE DEL CAUCA,76113,BUGALAGRANDE,Bajo,0.03,0.11,0.05,0.11,0.05
924,76,VALLE DEL CAUCA,76122,CAICEDONIA,Bajo,0.1,0.06,0.11,0.05,0.06
925,76,VALLE DEL CAUCA,76126,CALIMA,Bajo,0.04,0.03,0.05,0.03,0.05
926,76,VALLE DEL CAUCA,76130,CANDELARIA,Bajo,0.04,0.06,0.07,0.08,0.07
927,76,VALLE DEL CAUCA,76147,CARTAGO,Bajo,0.06,0.05,0.04,0.03,0.03
928,76,VALLE DEL CAUCA,76233,DAGUA,Bajo,0.06,0.07,0.02,0.02,0.02
929,76,VALLE DEL CAUCA,76243,EL ÁGUILA,Bajo,0.22,0.16,0.04,0.16,0.04
930,76,VALLE DEL CAUCA,76246,EL CAIRO,Bajo,0.18,0.02,0.14,0.39,0.13
931,76,VALLE DEL CAUCA,76248,EL CERRITO,Bajo,0.09,0.07,0.06,0.06,0.07
932,76,VALLE DEL CAUCA,76250,EL DOVIO,Bajo,0.08,,0.04,0.01,0.05
933,76,VALLE DEL CAUCA,76250,EL DOVIO,Medio bajo,,0.62,,,
934,76,VALLE DEL CAUCA,76275,FLORIDA,Bajo,0.05,0.04,0.06,0.06,0.08
935,76,VALLE DEL CAUCA,76306,GINEBRA,Bajo,0.02,0.01,0.01,0.0,0.01
936,76,VALLE DEL CAUCA,76318,GUACARÍ,Bajo,0.1,0.13,0.1,0.11,0.07
937,76,VALLE DEL CAUCA,76364,JAMUNDÍ,Bajo,0.11,0.1,0.14,0.12,0.11
938,76,VALLE DEL CAUCA,76377,LA CUMBRE,Bajo,0.02,0.02,0.0,0.02,0.0
939,76,VALLE DEL CAUCA,76400,LA UNIÓN,Bajo,0.1,0.05,0.05,0.05,0.06
940,76,VALLE DEL CAUCA,76403,LA VICTORIA,Bajo,0.06,0.06,0.07,0.06,0.07
941,76,VALLE DEL CAUCA,76497,OBANDO,Bajo,0.03,0.05,0.05,0.05,0.05
942,76,VALLE DEL CAUCA,76520,PALMIRA,Bajo,0.04,0.04,0.04,0.05,0.06
943,76,VALLE DEL CAUCA,76563,PRADERA,Bajo,0.07,0.06,0.05,0.06,0.05
944,76,VALLE DEL CAUCA,76606,RESTREPO,Bajo,0.06,0.03,0.05,0.02,0.05
945,76,VALLE DEL CAUCA,76616,RIOFRÍO,Bajo,0.1,0.03,0.04,0.02,0.04
946,76,VALLE DEL CAUCA,76622,ROLDANILLO,Bajo,0.07,0.05,0.03,0.08,0.03
947,76,VALLE DEL CAUCA,76670,SAN PEDRO,Bajo,0.11,0.05,0.09,0.04,0.16
948,76,VALLE DEL CAUCA,76736,SEVILLA,Bajo,0.05,0.03,0.09,0.02,0.08
949,76,VALLE DEL CAUCA,76823,TORO,Bajo,0.08,0.09,0.09,0.08,0.08
950,76,VALLE DEL CAUCA,76828,TRUJILLO,Bajo,0.08,0.03,0.02,0.02,0.02
951,76,VALLE DEL CAUCA,76834,TULUÁ,Bajo,0.05,0.05,0.06,0.05,0.07
952,76,VALLE DEL CAUCA,76845,ULLOA,Bajo,0.0,0.04,0.0,0.03,0.0
953,76,VALLE DEL CAUCA,76863,VERSALLES,Bajo,0.29,0.03,0.21,0.02,0.04
954,76,VALLE DEL CAUCA,76869,VIJES,Bajo,0.03,0.01,0.11,0.08,0.01
955,76,VALLE DEL CAUCA,76890,YOTOCO,Bajo,0.08,0.02,0.04,0.02,0.04
956,76,VALLE DEL CAUCA,76892,YUMBO,Bajo,0.07,0.07,0.09,0.08,0.09
957,76,VALLE DEL CAUCA,76895,ZARZAL,Bajo,0.02,0.05,0.04,0.05,0.04
958,81,ARAUCA,81001,ARAUCA,Bajo,0.06,0.08,0.12,0.15,0.13
959,81,ARAUCA,81065,ARAUQUITA,Bajo,0.38,,,0.35,0.19
960,81,ARAUCA,81065,ARAUQUITA,Medio bajo,,0.5,0.46,,
961,81,ARAUCA,81220,CRAVO NORTE,Bajo,,,0.04,0.2,0.06
962,81,ARAUCA,81220,CRAVO NORTE,Medio bajo,0.64,0.55,,,
963,81,ARAUCA,81300,FORTUL,Bajo,0.3,,,,0.33
964,81,ARAUCA,81300,FORTUL,Medio,,,0.76,0.9,
965,81,ARAUCA,81300,FORTUL,Medio bajo,,0.64,,,
966,81,ARAUCA,81591,PUERTO RONDÓN,Bajo,0.37,,,0.09,
967,81,ARAUCA,81591,PUERTO RONDÓN,Medio bajo,,0.59,0.51,,0.67
968,81,ARAUCA,81736,SARAVENA,Bajo,0.17,0.22,0.3,0.23,0.19
969,81,ARAUCA,81794,TAME,Bajo,0.22,0.3,0.31,0.21,0.18
970,85,CASANARE,85001,YOPAL,Bajo,0.01,0.02,0.01,0.03,0.02
971,85,CASANARE,85010,AGUAZUL,Bajo,0.06,0.07,0.01,0.01,0.01
972,85,CASANARE,85015,CHÁMEZA,Bajo,0.0,0.01,0.0,0.0,0.0
973,85,CASANARE,85125,HATO COROZAL,Bajo,0.03,0.11,0.01,0.12,0.03
974,85,CASANARE,85136,LA SALINA,Bajo,0.15,0.36,0.0,0.0,0.01
975,85,CASANARE,85139,MANÍ,Bajo,0.05,0.07,0.05,0.01,0.05
976,85,CASANARE,85162,MONTERREY,Bajo,0.01,0.01,0.0,0.01,0.0
977,85,CASANARE,85225,NUNCHÍA,Bajo,0.03,0.29,0.02,0.03,0.02
978,85,CASANARE,85230,OROCUÉ,Bajo,0.03,0.01,0.02,0.08,0.02
979,85,CASANARE,85250,PAZ DE ARIPORO,Bajo,0.04,0.02,0.02,0.01,0.03
980,85,CASANARE,85263,PORE,Bajo,0.1,0.09,0.01,0.04,0.03
981,85,CASANARE,85279,RECETOR,Bajo,0.0,0.06,0.0,0.06,0.0
982,85,CASANARE,85300,SABANALARGA,Bajo,0.02,0.03,0.02,0.02,0.02
983,85,CASANARE,85315,SÁCAMA,Bajo,0.16,0.31,0.01,0.0,0.01
984,85,CASANARE,85325,SAN LUIS DE PALENQUE,Bajo,0.06,0.04,0.01,0.03,0.01
985,85,CASANARE,85400,TÁMARA,Bajo,0.01,0.03,0.05,0.03,0.0
986,85,CASANARE,85410,TAURAMENA,Bajo,0.02,0.06,0.01,0.05,0.0
987,85,CASANARE,85430,TRINIDAD,Bajo,0.01,0.01,0.03,0.0,0.1
988,85,CASANARE,85440,VILLANUEVA,Bajo,0.01,0.03,0.01,0.05,0.01
989,86,PUTUMAYO,86001,MOCOA,Bajo,0.06,0.12,0.02,0.02,0.02
990,86,PUTUMAYO,86219,COLÓN,Bajo,0.0,0.01,0.0,0.0,0.0
991,86,PUTUMAYO,86320,ORITO,Bajo,0.26,0.27,0.18,0.13,0.2
992,86,PUTUMAYO,86568,PUERTO ASÍS,Bajo,0.43,0.35,,0.37,0.31
993,86,PUTUMAYO,86568,PUERTO ASÍS,Medio bajo,,,0.47,,
994,86,PUTUMAYO,86569,PUERTO CAICEDO,Bajo,0.15,0.15,0.16,0.4,0.23
995,86,PUTUMAYO,86571,PUERTO GUZMÁN,Bajo,0.35,0.15,0.13,0.4,0.11
996,86,PUTUMAYO,86573,PUERTO LEGUÍZAMO,Bajo,0.12,0.15,0.1,0.1,0.22
997,86,PUTUMAYO,86749,SIBUNDOY,Bajo,0.0,0.02,0.01,0.09,0.09
998,86,PUTUMAYO,86755,SAN FRANCISCO,Bajo,0.0,0.01,0.0,0.0,0.0
999,86,PUTUMAYO,86757,SAN MIGUEL,Bajo,0.26,,0.29,0.32,0.26
1000,86,PUTUMAYO,86757,SAN MIGUEL,Medio bajo,,0.59,,,
1001,86,PUTUMAYO,86760,SANTIAGO,Bajo,0.01,0.02,0.01,0.01,0.01
1002,86,PUTUMAYO,86865,VALLE DEL GUAMUEZ,Bajo,0.24,0.19,0.34,0.19,0.27
1003,86,PUTUMAYO,86885,VILLAGARZÓN,Bajo,0.14,0.16,0.1,0.08,0.12
1004,88,SAN ANDRÉS Y PROVIDENCIA,88564,PROVIDENCIA,Bajo,0.0,0.02,0.03,0.01,0.03
1005,91,AMAZONAS,91001,LETICIA,Bajo,0.01,0.02,0.01,0.01,0.01
1006,91,AMAZONAS,91540,PUERTO NARIÑO,Bajo,0.01,0.02,0.01,0.01,0.01
1007,94,GUAINÍA,94001,INÍRIDA,Bajo,0.04,0.02,0.01,0.01,0.01
1008,94,GUAINÍA,94343,BARRANCOMINAS,Bajo,0.05,0.01,0.0,0.02,0.03
1009,95,GUAVIARE,95001,SAN JOSÉ DEL GUAVIARE,Bajo,0.29,0.25,0.16,0.2,0.13
1010,95,GUAVIARE,95015,CALAMAR,Bajo,,0.15,0.18,0.21,0.09
1011,95,GUAVIARE,95015,CALAMAR,Medio bajo,0.47,,,,
1012,95,GUAVIARE,95025,EL RETORNO,Bajo,0.28,0.24,0.25,,0.18
1013,95,GUAVIARE,95025,EL RETORNO,Medio bajo,,,,0.73,
1014,95,GUAVIARE,95200,MIRAFLORES,Bajo,,0.09,0.1,0.12,0.15
1015,95,GUAVIARE,95200,MIRAFLORES,Medio bajo,0.69,,,,
1016,97,VAUPÉS,97001,MITÚ,Bajo,0.06,0.03,0.06,0.01,0.01
1017,97,VAUPÉS,97161,CARURÚ,Bajo,0.15,0.08,0.03,0.06,0.03
1018,97,VAUPÉS,97666,TARAIRA,Bajo,0.0,0.01,0.0,0.0,0.0
1019,99,VICHADA,99001,PUERTO CARREÑO,Bajo,0.12,0.06,0.08,0.05,0.06
1020,99,VICHADA,99524,LA PRIMAVERA,Bajo,0.01,0.04,0.01,0.03,0.0
1021,99,VICHADA,99624,SANTA ROSALÍA,Bajo,0.01,0.32,0.02,0.0,0.02
1022,99,VICHADA,99773,CUMARIBO,Bajo,0.05,0.03,0.05,0.03,0.01
1023,05,ANTIOQUIA,05001,MEDELLÍN,Bajo,0.03,0.03,0.02,0.03,0.03
1024,05,ANTIOQUIA,05002,ABEJORRAL,Bajo,0.01,0.03,0.02,0.02,0.02
1025,05,ANTIOQUIA,05004,ABRIAQUÍ,Bajo,0.04,0.01,0.0,0.0,0.12
1026,05,ANTIOQUIA,05021,ALEJANDRÍA,Bajo,0.04,0.01,0.0,0.0,0.0
1027,05,ANTIOQUIA,05030,AMAGÁ,Bajo,0.04,0.05,0.04,0.02,0.05
1028,05,ANTIOQUIA,05031,AMALFI,Bajo,0.03,0.04,0.07,0.04,0.1
1029,05,ANTIOQUIA,05034,ANDES,Bajo,0.06,0.09,0.07,0.11,0.1
1030,05,ANTIOQUIA,05036,ANGELÓPOLIS,Bajo,0.06,0.07,0.02,0.06,0.02
1031,05,ANTIOQUIA,05038,ANGOSTURA,Bajo,0.08,0.04,0.07,0.07,0.09
1032,05,ANTIOQUIA,05040,ANORÍ,Bajo,0.22,0.23,0.23,0.44,0.29
1033,05,ANTIOQUIA,05042,SANTAFÉ DE ANTIOQUIA,Bajo,0.06,0.04,0.17,0.04,0.1
1034,05,ANTIOQUIA,05044,ANZÁ,Bajo,0.04,0.06,0.01,0.05,0.02
1035,05,ANTIOQUIA,05045,APARTADÓ,Bajo,0.06,0.05,0.04,0.06,0.05
1036,05,ANTIOQUIA,05051,ARBOLETES,Bajo,0.05,0.01,0.02,0.01,0.02
1037,05,ANTIOQUIA,05055,ARGELIA,Bajo,0.05,0.03,0.05,0.02,0.05
1038,05,ANTIOQUIA,05059,ARMENIA,Bajo,0.06,0.08,0.07,0.07,0.07
1039,05,ANTIOQUIA,05079,BARBOSA,Bajo,0.03,0.04,0.03,0.05,0.02
1040,05,ANTIOQUIA,05086,BELMIRA,Bajo,0.06,0.01,0.01,0.0,0.02
1041,05,ANTIOQUIA,05088,BELLO,Bajo,0.03,0.02,0.02,0.02,0.03
1042,05,ANTIOQUIA,05091,BETANIA,Bajo,0.14,0.12,0.23,0.13,0.12
1043,05,ANTIOQUIA,05093,BETULIA,Bajo,0.07,0.06,0.07,0.05,0.08
1044,05,ANTIOQUIA,05101,CIUDAD BOLÍVAR,Bajo,0.09,0.14,0.11,0.14,0.11
1045,05,ANTIOQUIA,05107,BRICEÑO,Bajo,,0.31,0.4,0.18,0.25
1046,05,ANTIOQUIA,05107,BRICEÑO,Medio bajo,0.62,,,,
1047,05,ANTIOQUIA,05113,BURITICÁ,Bajo,0.05,0.08,0.04,0.11,0.1
1048,05,ANTIOQUIA,05120,CÁCERES,Bajo,0.3,,,,
1049,05,ANTIOQUIA,05120,CÁCERES,Medio bajo,,0.67,0.62,0.48,0.59
1050,05,ANTIOQUIA,05125,CAICEDO,Bajo,0.09,0.03,0.05,0.02,0.05
1051,05,ANTIOQUIA,05129,CALDAS,Bajo,0.04,0.04,0.03,0.04,0.03
1052,05,ANTIOQUIA,05134,CAMPAMENTO,Bajo,0.12,0.03,0.28,0.3,0.07
1053,05,ANTIOQUIA,05138,CAÑASGORDAS,Bajo,0.12,0.02,0.05,0.02,0.05
1054,05,ANTIOQUIA,05142,CARACOLÍ,Bajo,0.0,0.03,0.04,0.02,0.04
1055,05,ANTIOQUIA,05145,CARAMANTA,Bajo,0.02,0.01,0.0,0.0,0.0
1056,05,ANTIOQUIA,05147,CAREPA,Bajo,0.16,0.07,0.04,0.1,0.04
1057,05,ANTIOQUIA,05148,EL CARMEN DE VIBORAL,Bajo,0.03,0.02,0.02,0.04,0.02
1058,05,ANTIOQUIA,05150,CAROLINA,Bajo,0.03,0.01,0.03,0.0,0.02
1059,05,ANTIOQUIA,05154,CAUCASIA,Bajo,0.08,0.23,0.23,0.2,0.2
1060,05,ANTIOQUIA,05172,CHIGORODÓ,Bajo,0.06,0.08,0.05,0.07,0.04
1061,05,ANTIOQUIA,05190,CISNEROS,Bajo,0.04,0.08,0.07,0.07,0.07
1062,05,ANTIOQUIA,05197,COCORNÁ,Bajo,0.0,0.05,0.09,0.04,0.02
1063,05,ANTIOQUIA,05206,CONCEPCIÓN,Bajo,0.06,0.01,0.0,0.0,0.0
1064,05,ANTIOQUIA,05209,CONCORDIA,Bajo,0.03,0.02,0.06,0.02,0.06
1065,05,ANTIOQUIA,05212,COPACABANA,Bajo,0.02,0.03,0.02,0.02,0.02
1066,05,ANTIOQUIA,05234,DABEIBA,Bajo,0.11,0.07,0.07,0.29,0.26
1067,05,ANTIOQUIA,05237,DON MATÍAS,Bajo,0.01,0.04,0.03,0.03,0.03
1068,05,ANTIOQUIA,05240,EBÉJICO,Bajo,0.07,0.05,0.04,0.02,0.04
1069,05,ANTIOQUIA,05250,EL BAGRE,Bajo,0.07,0.21,0.16,0.22,0.15
1070,05,ANTIOQUIA,05264,ENTRERRIOS,Bajo,0.05,0.01,0.03,0.01,0.03
1071,05,ANTIOQUIA,05266,ENVIGADO,Bajo,0.01,0.01,0.01,0.01,0.0
1072,05,ANTIOQUIA,05282,FREDONIA,Bajo,0.06,0.07,0.02,0.07,0.03
1073,05,ANTIOQUIA,05284,FRONTINO,Bajo,0.03,0.02,0.13,0.06,0.06
1074,05,ANTIOQUIA,05306,GIRALDO,Bajo,0.08,0.05,0.03,0.05,0.03
1075,05,ANTIOQUIA,05308,GIRARDOTA,Bajo,0.02,0.03,0.02,0.02,0.02
1076,05,ANTIOQUIA,05310,GÓMEZ PLATA,Bajo,0.05,0.03,0.01,0.03,0.01
1077,05,ANTIOQUIA,05313,GRANADA,Bajo,0.04,0.1,0.0,0.03,0.0
1078,05,ANTIOQUIA,05315,GUADALUPE,Bajo,0.0,0.01,0.04,0.0,0.05
1079,05,ANTIOQUIA,05318,GUARNE,Bajo,0.03,0.01,0.03,0.01,0.1
1080,05,ANTIOQUIA,05321,GUATAPÉ,Bajo,0.01,0.01,0.02,0.0,0.02
1081,05,ANTIOQUIA,05347,HELICONIA,Bajo,0.07,0.04,0.08,0.03,0.08
1082,05,ANTIOQUIA,05353,HISPANIA,Bajo,0.05,0.15,0.02,0.14,0.02
1083,05,ANTIOQUIA,05360,ITAGÜÍ,Bajo,0.01,0.02,0.01,0.02,0.01
1084,05,ANTIOQUIA,05361,ITUANGO,Medio,,0.85,0.76,,0.91
1085,05,ANTIOQUIA,05361,ITUANGO,Medio bajo,0.47,,,0.7,
1086,05,ANTIOQUIA,05364,JARDÍN,Bajo,0.15,0.15,0.08,0.21,0.08
1087,05,ANTIOQUIA,05368,JERICÓ,Bajo,0.01,0.02,0.02,0.01,0.03
1088,05,ANTIOQUIA,05376,LA CEJA,Bajo,0.01,0.03,0.01,0.01,0.02
1089,05,ANTIOQUIA,05380,LA ESTRELLA,Bajo,0.02,0.02,0.02,0.01,0.02
1090,05,ANTIOQUIA,05390,LA PINTADA,Bajo,0.06,0.08,0.09,0.07,0.09
1091,05,ANTIOQUIA,05400,LA UNIÓN,Bajo,0.02,0.03,0.0,0.02,0.0
1092,05,ANTIOQUIA,05411,LIBORINA,Bajo,0.05,0.02,0.07,0.02,0.07
1093,05,ANTIOQUIA,05425,MACEO,Bajo,0.02,0.06,0.26,0.06,0.11
1094,05,ANTIOQUIA,05440,MARINILLA,Bajo,0.01,0.04,0.02,0.02,0.03
1095,05,ANTIOQUIA,05467,MONTEBELLO,Bajo,0.03,0.03,0.01,0.03,0.02
1096,05,ANTIOQUIA,05475,MURINDÓ,Bajo,0.02,0.11,0.03,,
1097,05,ANTIOQUIA,05475,MURINDÓ,Medio,,,,0.82,
1098,05,ANTIOQUIA,05475,MURINDÓ,Medio bajo,,,,,0.63
1099,05,ANTIOQUIA,05480,MUTATÁ,Bajo,0.07,0.19,0.17,0.12,0.18
1100,05,ANTIOQUIA,05483,NARIÑO,Bajo,0.01,0.03,0.01,0.03,0.01
1101,05,ANTIOQUIA,05490,NECOCLÍ,Bajo,0.02,0.03,0.02,0.03,0.03
1102,05,ANTIOQUIA,05495,NECHÍ,Bajo,0.07,0.08,0.08,0.08,0.13
1103,05,ANTIOQUIA,05501,OLAYA,Bajo,0.14,0.09,0.14,0.08,0.14
1104,05,ANTIOQUIA,05541,PEÑOL,Bajo,0.07,0.03,0.08,0.09,0.02
1105,05,ANTIOQUIA,05543,PEQUE,Bajo,0.04,,0.04,0.04,0.19
1106,05,ANTIOQUIA,05543,PEQUE,Medio,,0.79,,,
1107,05,ANTIOQUIA,05576,PUEBLORRICO,Bajo,0.08,0.04,0.03,0.03,0.03
1108,05,ANTIOQUIA,05579,PUERTO BERRÍO,Bajo,0.14,0.07,0.11,0.05,0.1
1109,05,ANTIOQUIA,05585,PUERTO NARE,Bajo,0.02,0.03,0.03,0.02,0.03
1110,05,ANTIOQUIA,05591,PUERTO TRIUNFO,Bajo,0.03,0.07,0.08,0.06,0.11
1111,05,ANTIOQUIA,05604,REMEDIOS,Bajo,0.09,0.2,0.17,0.11,0.22
1112,05,ANTIOQUIA,05607,RETIRO,Bajo,0.0,0.01,0.01,0.01,0.01
1113,05,ANTIOQUIA,05615,RIONEGRO,Bajo,0.02,0.03,0.01,0.02,0.05
1114,05,ANTIOQUIA,05628,SABANALARGA,Bajo,0.06,0.06,0.09,0.09,0.09
1115,05,ANTIOQUIA,05631,SABANETA,Bajo,0.02,0.02,0.01,0.01,0.01
1116,05,ANTIOQUIA,05642,SALGAR,Bajo,0.13,0.08,0.06,0.07,0.07
1117,05,ANTIOQUIA,05647,SAN ANDRÉS DE CUERQUÍA,Bajo,0.1,0.24,0.09,0.03,0.25
1118,05,ANTIOQUIA,05649,SAN CARLOS,Bajo,0.06,0.02,0.01,0.02,0.11
1119,05,ANTIOQUIA,05652,SAN FRANCISCO,Bajo,0.02,0.01,0.0,0.22,0.01
1120,05,ANTIOQUIA,05656,SAN JERÓNIMO,Bajo,0.04,0.07,0.08,0.06,0.08
1121,05,ANTIOQUIA,05658,SAN JOSÉ DE LA MONTAÑA,Bajo,0.02,0.18,0.01,0.0,0.0
1122,05,ANTIOQUIA,05659,SAN JUAN DE URABÁ,Bajo,0.03,0.03,0.03,0.03,0.03
1123,05,ANTIOQUIA,05660,SAN LUIS,Bajo,0.06,0.05,0.05,0.04,0.14
1124,05,ANTIOQUIA,05664,SAN PEDRO DE LOS MILAGROS,Bajo,0.04,0.06,0.04,0.06,0.04
1125,05,ANTIOQUIA,05665,SAN PEDRO DE URABÁ,Bajo,0.04,0.05,0.02,0.04,0.02
1126,05,ANTIOQUIA,05667,SAN RAFAEL,Bajo,0.01,0.03,0.0,0.0,0.08
1127,05,ANTIOQUIA,05670,SAN ROQUE,Bajo,0.03,0.05,0.06,0.04,0.08
1128,05,ANTIOQUIA,05674,SAN VICENTE,Bajo,0.1,0.01,0.03,0.01,0.03
1129,05,ANTIOQUIA,05679,SANTA BÁRBARA,Bajo,0.04,0.05,0.06,0.04,0.06
1130,05,ANTIOQUIA,05686,SANTA ROSA DE OSOS,Bajo,0.03,0.04,0.04,0.02,0.04
1131,05,ANTIOQUIA,05690,SANTO DOMINGO,Bajo,0.03,0.02,0.11,0.01,0.03
1132,05,ANTIOQUIA,05697,EL SANTUARIO,Bajo,0.01,0.02,0.01,0.01,0.01
1133,05,ANTIOQUIA,05736,SEGOVIA,Bajo,0.15,0.11,0.22,0.24,0.23
1134,05,ANTIOQUIA,05756,SONSÓN,Bajo,0.05,0.03,0.05,0.06,0.01
1135,05,ANTIOQUIA,05761,SOPETRÁN,Bajo,0.09,0.07,0.06,0.06,0.06
1136,05,ANTIOQUIA,05789,TÁMESIS,Bajo,0.02,0.02,0.02,0.02,0.02
1137,05,ANTIOQUIA,05790,TARAZÁ,Alto,,1.11,,1.29,
1138,05,ANTIOQUIA,05790,TARAZÁ,Bajo,0.38,,,,
1139,05,ANTIOQUIA,05790,TARAZÁ,Medio bajo,,,,,0.7
1140,05,ANTIOQUIA,05790,TARAZÁ,Muy Alto,,,1.37,,
1141,05,ANTIOQUIA,05792,TARSO,Bajo,0.04,0.05,0.05,0.04,0.06
1142,05,ANTIOQUIA,05809,TITIRIBÍ,Bajo,0.0,0.03,0.02,0.02,0.02
1143,05,ANTIOQUIA,05819,TOLEDO,Bajo,0.08,0.39,0.35,0.08,0.1
1144,05,ANTIOQUIA,05837,TURBO,Bajo,0.12,0.11,0.07,0.08,0.06
1145,05,ANTIOQUIA,05842,URAMITA,Bajo,0.03,0.05,0.04,0.04,0.04
1146,05,ANTIOQUIA,05847,URRAO,Bajo,0.04,0.06,0.13,0.22,0.13
1147,05,ANTIOQUIA,05854,VALDIVIA,Bajo,,,,0.42,
1148,05,ANTIOQUIA,05854,VALDIVIA,Medio,,0.8,,,
1149,05,ANTIOQUIA,05854,VALDIVIA,Medio bajo,0.48,,0.55,,0.61
1150,05,ANTIOQUIA,05856,VALPARAÍSO,Bajo,0.03,0.03,0.01,0.03,0.01
1151,05,ANTIOQUIA,05858,VEGACHÍ,Bajo,0.11,0.16,0.2,0.16,0.17
1152,05,ANTIOQUIA,05861,VENECIA,Bajo,0.1,0.15,0.07,0.12,0.07
1153,05,ANTIOQUIA,05873,VIGÍA DEL FUERTE,Bajo,0.03,0.05,0.02,0.03,0.02
1154,05,ANTIOQUIA,05885,YALÍ,Bajo,0.11,0.19,0.09,0.13,0.05
1155,05,ANTIOQUIA,05887,YARUMAL,Bajo,0.14,0.17,0.05,0.15,0.14
1156,05,ANTIOQUIA,05890,YOLOMBÓ,Bajo,0.04,0.04,0.05,0.03,0.1
1157,05,ANTIOQUIA,05893,YONDÓ,Bajo,0.03,0.17,0.02,0.05,0.02
1158,05,ANTIOQUIA,05895,ZARAGOZA,Bajo,0.08,0.18,0.27,0.17,0.19
1159,08,ATLÁNTICO,08001,BARRANQUILLA,Bajo,0.03,0.03,0.02,0.03,0.03
1160,08,ATLÁNTICO,08078,BARANOA,Bajo,0.0,0.01,0.01,0.01,0.01
1161,08,ATLÁNTICO,08137,CAMPO DE LA CRUZ,Bajo,0.01,0.01,0.01,0.01,0.01
1162,08,ATLÁNTICO,08141,CANDELARIA,Bajo,0.01,0.01,0.01,0.01,0.01
1163,08,ATLÁNTICO,08296,GALAPA,Bajo,0.02,0.02,0.01,0.01,0.01
1164,08,ATLÁNTICO,08372,JUAN DE ACOSTA,Bajo,0.01,0.02,0.01,0.01,0.01
1165,08,ATLÁNTICO,08421,LURUACO,Bajo,0.01,0.02,0.03,0.02,0.03
1166,08,ATLÁNTICO,08433,MALAMBO,Bajo,0.03,0.02,0.01,0.04,0.02
1167,08,ATLÁNTICO,08436,MANATÍ,Bajo,0.0,0.01,0.0,0.0,0.0
1168,08,ATLÁNTICO,08520,PALMAR DE VARELA,Bajo,0.0,0.05,0.0,0.0,0.0
1169,08,ATLÁNTICO,08549,PIOJÓ,Bajo,0.0,0.01,0.01,0.0,0.01
1170,08,ATLÁNTICO,08558,POLONUEVO,Bajo,0.0,0.02,0.0,0.01,0.0
1171,08,ATLÁNTICO,08560,PONEDERA,Bajo,0.02,0.01,0.04,0.0,0.01
1172,08,ATLÁNTICO,08573,PUERTO COLOMBIA,Bajo,0.01,0.03,0.03,0.02,0.03
1173,08,ATLÁNTICO,08606,REPELÓN,Bajo,0.01,0.02,0.0,0.01,0.0
1174,08,ATLÁNTICO,08634,SABANAGRANDE,Bajo,0.0,0.01,0.01,0.01,0.01
1175,08,ATLÁNTICO,08638,SABANALARGA,Bajo,0.0,0.02,0.01,0.02,0.02
1176,08,ATLÁNTICO,08675,SANTA LUCÍA,Bajo,0.0,0.01,0.0,0.01,0.01
1177,08,ATLÁNTICO,08685,SANTO TOMÁS,Bajo,0.01,0.01,0.0,0.0,0.01
1178,08,ATLÁNTICO,08758,SOLEDAD,Bajo,0.02,0.03,0.02,0.02,0.02
1179,08,ATLÁNTICO,08770,SUAN,Bajo,0.01,0.01,0.01,0.0,0.01
1180,08,ATLÁNTICO,08832,TUBARÁ,Bajo,0.02,0.01,0.0,0.0,0.0
1181,08,ATLÁNTICO,08849,USIACURÍ,Bajo,0.0,0.01,0.01,0.01,0.01
