,CODDEPTO,DEPARTAMENTO,CODMPIO,ENTIDAD,IPM,AÑO
0,86,PUTUMAYO,86000,PUTUMAYO,39.11,2018
1,54,NORTE DE SANTANDER,54172,CHINÁCOTA,30.3,2018
2,73,TOLIMA,73067,ATACO,64.0,2018
3,52,NARIÑO,52885,YACUANQUER,44.2,2018
4,68,SANTANDER,68705,SANTA BÁRBARA,53.8,2018
5,54,NORTE DE SANTANDER,54051,ARBOLEDAS,53.5,2018
6,85,CASANARE,85410,TAURAMENA,27.2,2018
7,68,SANTANDER,68780,SURATÁ,44.2,2018
8,73,TOLIMA,73152,CASABIANCA,43.8,2018
9,86,PUTUMAYO,86568,PUERTO ASÍS,44.1,2018
10,73,TOLIMA,73226,CUNDAY,40.8,2018
11,85,CASANARE,85325,SAN LUIS DE PALENQUE,37.0,2018
12,68,SANTANDER,68745,SIMACOTA,44.5,2018
13,85,CASANARE,85430,TRINIDAD,38.7,2018
14,52,NARIÑO,52838,TÚQUERRES,32.5,2018
15,54,NORTE DE SANTANDER,54206,CONVENCIÓN,64.0,2018
16,68,SANTANDER,68770,SUAITA,37.8,2018
17,85,CASANARE,85279,RECETOR,39.3,2018
18,73,TOLIMA,73168,CHAPARRAL,39.7,2018
19,68,SANTANDER,68861,VÉLEZ,32.3,2018
20,54,NORTE DE SANTANDER,54125,CÁCOTA,48.9,2018
21,54,NORTE DE SANTANDER,54250,EL TARRA,71.2,2018
22,85,CASANARE,85300,SABANALARGA,34.2,2018
23,68,SANTANDER,68720,SANTA HELENA DEL OPÓN,47.9,2018
24,54,NORTE DE SANTANDER,54174,CHITAGÁ,54.8,2018
25,68,SANTANDER,68773,SUCRE,47.1,2018
26,68,SANTANDER,68820,TONA,45.8,2018
27,86,PUTUMAYO,86219,COLÓN,22.6,2018
28,85,CASANARE,85400,TÁMARA,55.0,2018
29,54,NORTE DE SANTANDER,54001,CÚCUTA,25.7,2018
30,85,CASANARE,85315,SÁCAMA,32.5,2018
31,54,NORTE DE SANTANDER,54239,DURANIA,44.5,2018
32,54,NORTE DE SANTANDER,54109,BUCARASICA,67.9,2018
33,54,NORTE DE SANTANDER,54003,ÁBREGO,55.8,2018
34,68,SANTANDER,68855,VALLE DE SAN JOSÉ,36.6,2018
35,73,TOLIMA,73200,COELLO,35.8,2018
36,85,CASANARE,85440,VILLANUEVA,24.6,2018
37,73,TOLIMA,73148,CARMEN DE APICALÁ,20.7,2018
38,73,TOLIMA,73124,CAJAMARCA,36.2,2018
39,54,NORTE DE SANTANDER,54128,CACHIRÁ,56.4,2018
40,54,NORTE DE SANTANDER,54245,EL CARMEN,68.9,2018
41,68,SANTANDER,68755,SOCORRO,15.1,2018
42,86,PUTUMAYO,86001,MOCOA,24.8,2018
43,54,NORTE DE SANTANDER,54000,NORTE DE SANTANDER,33.97,2018
44,86,PUTUMAYO,86320,ORITO,39.8,2018
45,54,NORTE DE SANTANDER,54099,BOCHALEMA,36.3,2018
46,73,TOLIMA,73217,COYAIMA,62.1,2018
47,54,NORTE DE SANTANDER,54223,CUCUTILLA,71.1,2018
48,76,VALLE DEL CAUCA,76001,CALI,11.9,2018
49,52,NARIÑO,52835,SAN ANDRÉS DE TUMACO,53.7,2018
50,97,VAUPÉS,97000,VAUPÉS,78.82,2018
51,70,SUCRE,70418,LOS PALMITOS,41.6,2018
52,52,NARIÑO,52411,LINARES,32.9,2018
53,95,GUAVIARE,95200,MIRAFLORES,66.7,2018
54,52,NARIÑO,52418,LOS ANDES,44.9,2018
55,70,SUCRE,70400,LA UNIÓN,55.8,2018
56,70,SUCRE,70742,SAN LUIS DE SINCÉ,51.1,2018
57,95,GUAVIARE,95025,EL RETORNO,51.5,2018
58,52,NARIÑO,52427,MAGÜI,85.3,2018
59,70,SUCRE,70265,GUARANDA,66.1,2018
60,52,NARIÑO,52405,LEIVA,55.3,2018
61,52,NARIÑO,52435,MALLAMA,39.0,2018
62,70,SUCRE,70771,SUCRE,63.4,2018
63,52,NARIÑO,52473,MOSQUERA,70.2,2018
64,95,GUAVIARE,95001,SAN JOSÉ DEL GUAVIARE,42.1,2018
65,70,SUCRE,70235,GALERAS,46.1,2018
66,52,NARIÑO,52480,NARIÑO,40.8,2018
67,95,GUAVIARE,95000,GUAVIARE,46.83,2018
68,52,NARIÑO,52490,OLAYA HERRERA,75.9,2018
69,70,SUCRE,70820,SANTIAGO DE TOLÚ,42.7,2018
70,70,SUCRE,70233,EL ROBLE,64.3,2018
71,52,NARIÑO,52506,OSPINA,28.9,2018
72,95,GUAVIARE,95015,CALAMAR,58.0,2018
73,94,GUAINÍA,94001,INÍRIDA,67.2,2018
74,70,SUCRE,70717,SAN PEDRO,47.1,2018
75,97,VAUPÉS,97001,MITÚ,74.8,2018
76,99,VICHADA,99624,SANTA ROSALÍA,56.8,2018
77,52,NARIÑO,52323,GUALMATÁN,30.9,2018
78,70,SUCRE,70670,SAMPUÉS,56.9,2018
79,52,NARIÑO,52352,ILES,43.6,2018
80,99,VICHADA,99524,LA PRIMAVERA,63.2,2018
81,70,SUCRE,70702,SAN JUAN DE BETULIA,44.8,2018
82,52,NARIÑO,52354,IMUÉS,40.2,2018
83,70,SUCRE,70523,PALMITO,65.1,2018
84,99,VICHADA,99001,PUERTO CARREÑO,55.7,2018
85,52,NARIÑO,52356,IPIALES,23.4,2018
86,52,NARIÑO,52399,LA UNIÓN,48.6,2018
87,99,VICHADA,99000,VICHADA,76.65,2018
88,70,SUCRE,70508,OVEJAS,51.5,2018
89,70,SUCRE,70708,SAN MARCOS,59.1,2018
90,52,NARIÑO,52381,LA FLORIDA,59.0,2018
91,97,VAUPÉS,97666,TARAIRA,85.6,2018
92,70,SUCRE,70473,MORROA,42.8,2018
93,52,NARIÑO,52385,LA LLANADA,33.6,2018
94,97,VAUPÉS,97161,CARURÚ,81.1,2018
95,70,SUCRE,70713,SAN ONOFRE,69.0,2018
96,52,NARIÑO,52390,LA TOLA,73.9,2018
97,70,SUCRE,70429,MAJAGUAL,64.4,2018
98,52,NARIÑO,52378,LA CRUZ,27.8,2018
99,52,NARIÑO,52520,FRANCISCO PIZARRO,69.5,2018
100,70,SUCRE,70230,CHALÁN,73.9,2018
101,94,GUAINÍA,94000,GUAINÍA,73.69,2018
102,70,SUCRE,70001,SINCELEJO,30.4,2018
103,52,NARIÑO,52687,SAN LORENZO,55.3,2018
104,86,PUTUMAYO,86760,SANTIAGO,37.2,2018
105,52,NARIÑO,52693,SAN PABLO,41.1,2018
106,73,TOLIMA,73030,AMBALEMA,32.9,2018
107,86,PUTUMAYO,86757,SAN MIGUEL,48.5,2018
108,70,SUCRE,70000,SUCRE,46.03,2018
109,52,NARIÑO,52694,SAN PEDRO DE CARTAGO,54.6,2018
110,86,PUTUMAYO,86755,SAN FRANCISCO,23.5,2018
111,52,NARIÑO,52696,SANTA BÁRBARA,75.1,2018
112,73,TOLIMA,73026,ALVARADO,38.8,2018
113,68,SANTANDER,68895,ZAPATOCA,26.9,2018
114,52,NARIÑO,52699,SANTACRUZ,65.1,2018
115,86,PUTUMAYO,86749,SIBUNDOY,23.0,2018
116,52,NARIÑO,52720,SAPUYES,43.0,2018
117,68,SANTANDER,68872,VILLANUEVA,27.5,2018
118,86,PUTUMAYO,86573,PUERTO LEGUÍZAMO,53.6,2018
119,52,NARIÑO,52786,TAMINANGO,36.1,2018
120,73,TOLIMA,73055,ARMERO,27.3,2018
121,86,PUTUMAYO,86571,PUERTO GUZMÁN,62.2,2018
122,52,NARIÑO,52788,TANGUA,46.0,2018
123,68,SANTANDER,68867,VETAS,31.9,2018
124,73,TOLIMA,73043,ANZOÁTEGUI,55.8,2018
125,52,NARIÑO,52685,SAN BERNARDO,59.4,2018
126,86,PUTUMAYO,86865,VALLE DEL GUAMUEZ,41.0,2018
127,70,SUCRE,70110,BUENAVISTA,49.1,2018
128,70,SUCRE,70823,TOLÚ VIEJO,45.8,2018
129,52,NARIÑO,52540,POLICARPA,38.7,2018
130,91,AMAZONAS,91540,PUERTO NARIÑO,70.4,2018
131,52,NARIÑO,52560,POTOSÍ,27.5,2018
132,70,SUCRE,70221,COVEÑAS,45.0,2018
133,73,TOLIMA,73000,TOLIMA,27.6,2018
134,52,NARIÑO,52565,PROVIDENCIA,55.3,2018
135,91,AMAZONAS,91001,LETICIA,48.4,2018
136,70,SUCRE,70215,COROZAL,34.5,2018
137,52,NARIÑO,52573,PUERRES,32.7,2018
138,91,AMAZONAS,91000,AMAZONAS,59.14,2018
139,52,NARIÑO,52585,PUPIALES,32.2,2018
140,73,TOLIMA,73001,IBAGUÉ,14.8,2018
141,70,SUCRE,70204,COLOSÓ,59.6,2018
142,88,SAN ANDRÉS Y PROVIDENCIA,88564,PROVIDENCIA,13.7,2018
143,52,NARIÑO,52612,RICAURTE,71.9,2018
144,52,NARIÑO,52621,ROBERTO PAYÁN,81.0,2018
145,88,SAN ANDRÉS Y PROVIDENCIA,88000,SAN ANDRÉS Y PROVIDENCIA,16.49,2018
146,70,SUCRE,70124,CAIMITO,58.7,2018
147,73,TOLIMA,73024,ALPUJARRA,30.9,2018
148,52,NARIÑO,52678,SAMANIEGO,47.7,2018
149,86,PUTUMAYO,86885,VILLAGARZÓN,37.1,2018
150,52,NARIÑO,52683,SANDONÁ,28.9,2018
151,86,PUTUMAYO,86569,PUERTO CAICEDO,38.9,2018
152,54,NORTE DE SANTANDER,54261,EL ZULIA,41.9,2018
153,54,NORTE DE SANTANDER,54553,PUERTO SANTANDER,42.9,2018
154,85,CASANARE,85263,PORE,45.2,2018
155,76,VALLE DEL CAUCA,76377,LA CUMBRE,25.3,2018
156,68,SANTANDER,68370,JORDÁN,53.7,2018
157,66,RISARALDA,66687,SANTUARIO,39.9,2018
158,73,TOLIMA,73622,RONCESVALLES,42.0,2018
159,76,VALLE DEL CAUCA,76364,JAMUNDÍ,14.9,2018
160,68,SANTANDER,68000,SANTANDER,22.38,2018
161,68,SANTANDER,68368,JESÚS MARÍA,40.8,2018
162,76,VALLE DEL CAUCA,76318,GUACARÍ,16.0,2018
163,68,SANTANDER,68001,BUCARAMANGA,14.2,2018
164,73,TOLIMA,73624,ROVIRA,47.0,2018
165,68,SANTANDER,68013,AGUADA,41.8,2018
166,66,RISARALDA,66682,SANTA ROSA DE CABAL,21.2,2018
167,76,VALLE DEL CAUCA,76306,GINEBRA,14.7,2018
168,68,SANTANDER,68020,ALBANIA,48.1,2018
169,76,VALLE DEL CAUCA,76275,FLORIDA,18.9,2018
170,73,TOLIMA,73671,SALDAÑA,36.3,2018
171,68,SANTANDER,68051,ARATOCA,40.6,2018
172,68,SANTANDER,68327,GÜEPSA,29.6,2018
173,76,VALLE DEL CAUCA,76250,EL DOVIO,37.2,2018
174,68,SANTANDER,68077,BARBOSA,21.6,2018
175,68,SANTANDER,68324,GUAVATÁ,40.4,2018
176,68,SANTANDER,68079,BARICHARA,28.5,2018
177,76,VALLE DEL CAUCA,76248,EL CERRITO,15.2,2018
178,73,TOLIMA,73675,SAN ANTONIO,53.7,2018
179,68,SANTANDER,68344,HATO,46.9,2018
180,68,SANTANDER,68081,BARRANCABERMEJA,26.4,2018
181,68,SANTANDER,68377,LA BELLEZA,36.1,2018
182,76,VALLE DEL CAUCA,76400,LA UNIÓN,22.5,2018
183,66,RISARALDA,66075,BALBOA,31.6,2018
184,68,SANTANDER,68425,MACARAVITA,50.3,2018
185,76,VALLE DEL CAUCA,76616,RIOFRÍO,23.2,2018
186,66,RISARALDA,66088,BELÉN DE UMBRÍA,35.6,2018
187,73,TOLIMA,73555,PLANADAS,55.4,2018
188,68,SANTANDER,68418,LOS SANTOS,44.6,2018
189,66,RISARALDA,66170,DOSQUEBRADAS,13.7,2018
190,76,VALLE DEL CAUCA,76606,RESTREPO,20.7,2018
191,66,RISARALDA,66318,GUÁTICA,36.5,2018
192,76,VALLE DEL CAUCA,76563,PRADERA,24.8,2018
193,68,SANTANDER,68406,LEBRIJA,27.0,2018
194,66,RISARALDA,66594,QUINCHÍA,41.4,2018
195,66,RISARALDA,66383,LA CELIA,37.5,2018
196,76,VALLE DEL CAUCA,76520,PALMIRA,11.5,2018
197,66,RISARALDA,66400,LA VIRGINIA,19.0,2018
198,68,SANTANDER,68397,LA PAZ,36.1,2018
199,66,RISARALDA,66440,MARSELLA,33.3,2018
200,76,VALLE DEL CAUCA,76497,OBANDO,31.2,2018
201,73,TOLIMA,73585,PURIFICACIÓN,32.6,2018
202,66,RISARALDA,66456,MISTRATÓ,65.3,2018
203,68,SANTANDER,68385,LANDÁZURI,49.1,2018
204,76,VALLE DEL CAUCA,76403,LA VICTORIA,22.9,2018
205,66,RISARALDA,66572,PUEBLO RICO,70.5,2018
206,73,TOLIMA,73616,RIOBLANCO,60.5,2018
207,73,TOLIMA,73563,PRADO,36.6,2018
208,76,VALLE DEL CAUCA,76622,ROLDANILLO,16.5,2018
209,76,VALLE DEL CAUCA,76246,EL CAIRO,35.8,2018
210,68,SANTANDER,68092,BETULIA,43.9,2018
211,73,TOLIMA,73861,VENADILLO,36.3,2018
212,68,SANTANDER,68179,CHIPATÁ,42.8,2018
213,76,VALLE DEL CAUCA,76109,BUENAVENTURA,41.0,2018
214,68,SANTANDER,68271,FLORIÁN,56.0,2018
215,68,SANTANDER,68190,CIMITARRA,36.0,2018
216,76,VALLE DEL CAUCA,76100,BOLÍVAR,29.7,2018
217,73,TOLIMA,73870,VILLAHERMOSA,51.3,2018
218,68,SANTANDER,68207,CONCEPCIÓN,36.2,2018
219,68,SANTANDER,68266,ENCISO,35.3,2018
220,76,VALLE DEL CAUCA,76054,ARGELIA,36.2,2018
221,68,SANTANDER,68209,CONFINES,32.6,2018
222,68,SANTANDER,68176,CHIMA,45.2,2018
223,68,SANTANDER,68264,ENCINO,32.0,2018
224,76,VALLE DEL CAUCA,76041,ANSERMANUEVO,31.3,2018
225,73,TOLIMA,73873,VILLARRICA,38.4,2018
226,68,SANTANDER,68217,COROMORO,53.6,2018
227,76,VALLE DEL CAUCA,76036,ANDALUCÍA,15.3,2018
228,68,SANTANDER,68255,EL PLAYÓN,45.7,2018
229,68,SANTANDER,68229,CURITÍ,35.7,2018
230,76,VALLE DEL CAUCA,76000,VALLE DEL CAUCA,16.35,2018
231,76,VALLE DEL CAUCA,76020,ALCALÁ,31.9,2018
232,68,SANTANDER,68235,EL CARMEN DE CHUCURÍ,58.9,2018
233,68,SANTANDER,68250,EL PEÑÓN,57.8,2018
234,68,SANTANDER,68245,EL GUACAMAYO,33.0,2018
235,68,SANTANDER,68211,CONTRATACIÓN,29.2,2018
236,68,SANTANDER,68322,GUAPOTÁ,31.4,2018
237,76,VALLE DEL CAUCA,76111,GUADALAJARA DE BUGA,12.3,2018
238,68,SANTANDER,68169,CHARTA,35.1,2018
239,76,VALLE DEL CAUCA,76243,EL ÁGUILA,43.5,2018
240,73,TOLIMA,73678,SAN LUIS,39.4,2018
241,68,SANTANDER,68101,BOLÍVAR,45.5,2018
242,68,SANTANDER,68320,GUADALUPE,39.1,2018
243,76,VALLE DEL CAUCA,76233,DAGUA,28.4,2018
244,68,SANTANDER,68121,CABRERA,34.0,2018
245,73,TOLIMA,73686,SANTA ISABEL,50.9,2018
246,68,SANTANDER,68132,CALIFORNIA,21.2,2018
247,76,VALLE DEL CAUCA,76147,CARTAGO,16.6,2018
248,68,SANTANDER,68318,GUACA,60.3,2018
249,68,SANTANDER,68147,CAPITANEJO,35.7,2018
250,68,SANTANDER,68276,FLORIDABLANCA,11.0,2018
251,76,VALLE DEL CAUCA,76130,CANDELARIA,15.5,2018
252,68,SANTANDER,68307,GIRÓN,16.5,2018
253,73,TOLIMA,73770,SUÁREZ,34.3,2018
254,76,VALLE DEL CAUCA,76126,CALIMA,25.7,2018
255,68,SANTANDER,68160,CEPITÁ,32.0,2018
256,68,SANTANDER,68298,GÁMBITA,51.1,2018
257,68,SANTANDER,68162,CERRITO,41.9,2018
258,76,VALLE DEL CAUCA,76122,CAICEDONIA,24.6,2018
259,68,SANTANDER,68296,GALÁN,41.9,2018
260,68,SANTANDER,68167,CHARALÁ,26.9,2018
261,73,TOLIMA,73854,VALLE DE SAN JUAN,40.4,2018
262,76,VALLE DEL CAUCA,76113,BUGALAGRANDE,25.8,2018
263,68,SANTANDER,68152,CARCASÍ,60.8,2018
264,68,SANTANDER,68689,SAN VICENTE DE CHUCURÍ,34.9,2018
265,73,TOLIMA,73547,PIEDRAS,27.2,2018
266,68,SANTANDER,68432,MÁLAGA,19.3,2018
267,73,TOLIMA,73283,FRESNO,33.6,2018
268,85,CASANARE,85015,CHÁMEZA,36.0,2018
269,54,NORTE DE SANTANDER,54520,PAMPLONITA,41.7,2018
270,68,SANTANDER,68655,SABANA DE TORRES,36.6,2018
271,85,CASANARE,85010,AGUAZUL,27.0,2018
272,73,TOLIMA,73319,GUAMO,32.2,2018
273,54,NORTE DE SANTANDER,54599,RAGONVALIA,41.4,2018
274,85,CASANARE,85001,YOPAL,22.9,2018
275,68,SANTANDER,68615,RIONEGRO,37.8,2018
276,54,NORTE DE SANTANDER,54660,SALAZAR,48.8,2018
277,85,CASANARE,85000,CASANARE,29.91,2018
278,54,NORTE DE SANTANDER,54518,PAMPLONA,20.5,2018
279,73,TOLIMA,73347,HERVEO,54.0,2018
280,68,SANTANDER,68575,PUERTO WILCHES,40.3,2018
281,81,ARAUCA,81794,TAME,41.9,2018
282,54,NORTE DE SANTANDER,54673,SAN CAYETANO,37.6,2018
283,68,SANTANDER,68573,PUERTO PARRA,36.1,2018
284,54,NORTE DE SANTANDER,54680,SANTIAGO,48.1,2018
285,81,ARAUCA,81736,SARAVENA,39.4,2018
286,73,TOLIMA,73349,HONDA,25.8,2018
287,54,NORTE DE SANTANDER,54720,SARDINATA,53.8,2018
288,81,ARAUCA,81591,PUERTO RONDÓN,45.0,2018
289,68,SANTANDER,68572,PUENTE NACIONAL,26.4,2018
290,54,NORTE DE SANTANDER,54743,SILOS,46.6,2018
291,54,NORTE DE SANTANDER,54670,SAN CALIXTO,73.5,2018
292,73,TOLIMA,73352,ICONONZO,33.7,2018
293,68,SANTANDER,68669,SAN ANDRÉS,42.4,2018
294,54,NORTE DE SANTANDER,54498,OCAÑA,31.4,2018
295,54,NORTE DE SANTANDER,54313,GRAMALOTE,42.3,2018
296,73,TOLIMA,73236,DOLORES,32.8,2018
297,68,SANTANDER,68686,SAN MIGUEL,33.6,2018
298,54,NORTE DE SANTANDER,54344,HACARÍ,73.4,2018
299,85,CASANARE,85250,PAZ DE ARIPORO,37.8,2018
300,54,NORTE DE SANTANDER,54347,HERRÁN,52.4,2018
301,85,CASANARE,85230,OROCUÉ,45.8,2018
302,68,SANTANDER,68684,SAN JOSÉ DE MIRANDA,47.6,2018
303,54,NORTE DE SANTANDER,54377,LABATECA,41.3,2018
304,73,TOLIMA,73268,ESPINAL,19.2,2018
305,85,CASANARE,85225,NUNCHÍA,56.4,2018
306,85,CASANARE,85125,HATO COROZAL,56.1,2018
307,54,NORTE DE SANTANDER,54385,LA ESPERANZA,57.1,2018
308,54,NORTE DE SANTANDER,54398,LA PLAYA,67.9,2018
309,85,CASANARE,85162,MONTERREY,27.5,2018
310,73,TOLIMA,73270,FALAN,39.3,2018
311,54,NORTE DE SANTANDER,54405,LOS PATIOS,21.4,2018
312,68,SANTANDER,68679,SAN GIL,13.7,2018
313,85,CASANARE,85139,MANÍ,30.3,2018
314,54,NORTE DE SANTANDER,54418,LOURDES,45.3,2018
315,73,TOLIMA,73275,FLANDES,17.4,2018
316,85,CASANARE,85136,LA SALINA,48.1,2018
317,54,NORTE DE SANTANDER,54480,MUTISCUA,42.2,2018
318,68,SANTANDER,68673,SAN BENITO,49.8,2018
319,68,SANTANDER,68682,SAN JOAQUÍN,41.4,2018
320,66,RISARALDA,66045,APÍA,33.6,2018
321,81,ARAUCA,81300,FORTUL,48.3,2018
322,68,SANTANDER,68549,PINCHOTE,23.8,2018
323,68,SANTANDER,68500,OIBA,31.8,2018
324,73,TOLIMA,73461,MURILLO,50.4,2018
325,76,VALLE DEL CAUCA,76863,VERSALLES,30.6,2018
326,63,QUINDÍO,63302,GÉNOVA,33.1,2018
327,68,SANTANDER,68498,OCAMONTE,38.6,2018
328,63,QUINDÍO,63401,LA TEBAIDA,27.4,2018
329,76,VALLE DEL CAUCA,76845,ULLOA,24.2,2018
330,73,TOLIMA,73483,NATAGAIMA,42.1,2018
331,63,QUINDÍO,63470,MONTENEGRO,25.8,2018
332,76,VALLE DEL CAUCA,76834,TULUÁ,13.7,2018
333,68,SANTANDER,68468,MOLAGAVITA,51.9,2018
334,63,QUINDÍO,63272,FILANDIA,18.1,2018
335,63,QUINDÍO,63548,PIJAO,28.8,2018
336,63,QUINDÍO,63594,QUIMBAYA,22.0,2018
337,73,TOLIMA,73504,ORTEGA,51.3,2018
338,68,SANTANDER,68464,MOGOTES,49.4,2018
339,76,VALLE DEL CAUCA,76823,TORO,32.1,2018
340,63,QUINDÍO,63690,SALENTO,19.7,2018
341,68,SANTANDER,68444,MATANZA,38.2,2018
342,76,VALLE DEL CAUCA,76736,SEVILLA,27.4,2018
343,66,RISARALDA,66000,RISARALDA,20.12,2018
344,73,TOLIMA,73520,PALOCABILDO,45.5,2018
345,66,RISARALDA,66001,PEREIRA,15.1,2018
346,76,VALLE DEL CAUCA,76670,SAN PEDRO,18.0,2018
347,76,VALLE DEL CAUCA,76828,TRUJILLO,34.9,2018
348,54,NORTE DE SANTANDER,54800,TEORAMA,67.1,2018
349,76,VALLE DEL CAUCA,76869,VIJES,19.0,2018
350,68,SANTANDER,68502,ONZAGA,55.1,2018
351,54,NORTE DE SANTANDER,54810,TIBÚ,57.6,2018
352,81,ARAUCA,81220,CRAVO NORTE,48.8,2018
353,73,TOLIMA,73408,LÉRIDA,28.1,2018
354,54,NORTE DE SANTANDER,54820,TOLEDO,50.1,2018
355,68,SANTANDER,68547,PIEDECUESTA,16.2,2018
356,81,ARAUCA,81065,ARAUQUITA,49.2,2018
357,54,NORTE DE SANTANDER,54871,VILLA CARO,64.8,2018
358,81,ARAUCA,81001,ARAUCA,38.6,2018
359,54,NORTE DE SANTANDER,54874,VILLA DEL ROSARIO,24.6,2018
360,68,SANTANDER,68533,PÁRAMO,31.5,2018
361,73,TOLIMA,73411,LÍBANO,33.4,2018
362,63,QUINDÍO,63212,CÓRDOBA,30.7,2018
363,63,QUINDÍO,63000,QUINDÍO,18.2,2018
364,68,SANTANDER,68524,PALMAS DEL SOCORRO,27.3,2018
365,63,QUINDÍO,63001,ARMENIA,14.4,2018
366,76,VALLE DEL CAUCA,76895,ZARZAL,17.2,2018
367,73,TOLIMA,73443,SAN SEBASTIÁN DE MARIQUITA,27.1,2018
368,63,QUINDÍO,63111,BUENAVISTA,29.0,2018
369,68,SANTANDER,68522,PALMAR,32.5,2018
370,76,VALLE DEL CAUCA,76892,YUMBO,15.6,2018
371,63,QUINDÍO,63130,CALARCÁ,19.9,2018
372,73,TOLIMA,73449,MELGAR,19.7,2018
373,63,QUINDÍO,63190,CIRCASIA,17.3,2018
374,76,VALLE DEL CAUCA,76890,YOTOCO,20.8,2018
375,81,ARAUCA,81000,ARAUCA,42.31,2018
376,70,SUCRE,70678,SAN BENITO ABAD,63.0,2018
377,25,CUNDINAMARCA,25807,TIBIRITA,52.3,2018
378,52,NARIÑO,52317,GUACHUCAL,30.4,2018
379,15,BOYACÁ,15464,MONGUA,50.7,2018
380,15,BOYACÁ,15455,MIRAFLORES,21.1,2018
381,15,BOYACÁ,15442,MARIPÍ,67.0,2018
382,15,BOYACÁ,15425,MACANAL,28.9,2018
383,15,BOYACÁ,15407,VILLA DE LEYVA,15.2,2018
384,15,BOYACÁ,15403,LA UVITA,41.9,2018
385,15,BOYACÁ,15401,LA VICTORIA,38.4,2018
386,15,BOYACÁ,15380,LA CAPILLA,31.6,2018
387,15,BOYACÁ,15377,LABRANZAGRANDE,57.4,2018
388,15,BOYACÁ,15368,JERICÓ,64.7,2018
389,15,BOYACÁ,15367,JENESANO,38.8,2018
390,15,BOYACÁ,15362,IZA,24.8,2018
391,15,BOYACÁ,15332,GÜICÁN,48.1,2018
392,15,BOYACÁ,15325,GUAYATÁ,36.1,2018
393,15,BOYACÁ,15322,GUATEQUE,19.4,2018
394,15,BOYACÁ,15317,GUACAMAYAS,30.4,2018
395,15,BOYACÁ,15299,GARAGOA,20.3,2018
396,15,BOYACÁ,15296,GÁMEZA,43.7,2018
397,15,BOYACÁ,15293,GACHANTIVÁ,51.2,2018
398,15,BOYACÁ,15466,MONGUÍ,28.8,2018
399,15,BOYACÁ,15469,MONIQUIRÁ,27.1,2018
400,15,BOYACÁ,15476,MOTAVITA,49.8,2018
401,15,BOYACÁ,15480,MUZO,40.7,2018
402,15,BOYACÁ,15632,SABOYÁ,41.8,2018
403,15,BOYACÁ,15621,RONDÓN,46.9,2018
404,15,BOYACÁ,15600,RÁQUIRA,31.3,2018
405,15,BOYACÁ,15599,RAMIRIQUÍ,31.4,2018
406,15,BOYACÁ,15580,QUÍPAMA,64.6,2018
407,15,BOYACÁ,15572,PUERTO BOYACÁ,33.6,2018
408,15,BOYACÁ,15550,PISBA,57.9,2018
409,15,BOYACÁ,15542,PESCA,39.3,2018
410,15,BOYACÁ,15537,PAZ DE RÍO,21.6,2018
411,15,BOYACÁ,15276,FLORESTA,43.9,2018
412,15,BOYACÁ,15533,PAYA,68.2,2018
413,15,BOYACÁ,15522,PANQUEBA,42.7,2018
414,15,BOYACÁ,15518,PAJARITO,27.8,2018
415,15,BOYACÁ,15516,PAIPA,16.2,2018
416,15,BOYACÁ,15514,PÁEZ,36.5,2018
417,15,BOYACÁ,15511,PACHAVITA,37.5,2018
418,15,BOYACÁ,15507,OTANCHE,44.7,2018
419,15,BOYACÁ,15500,OICATÁ,22.8,2018
420,15,BOYACÁ,15494,NUEVO COLÓN,46.2,2018
421,15,BOYACÁ,15491,NOBSA,10.5,2018
422,15,BOYACÁ,15531,PAUNA,47.4,2018
423,15,BOYACÁ,15638,SÁCHICA,23.8,2018
424,15,BOYACÁ,15272,FIRAVITOBA,21.7,2018
425,15,BOYACÁ,15244,EL COCUY,49.4,2018
426,15,BOYACÁ,15097,BOAVITA,48.1,2018
427,15,BOYACÁ,15092,BETÉITIVA,43.3,2018
428,15,BOYACÁ,15090,BERBEO,40.5,2018
429,15,BOYACÁ,15087,BELÉN,25.2,2018
430,15,BOYACÁ,15051,ARCABUCO,24.8,2018
431,15,BOYACÁ,15047,AQUITANIA,33.5,2018
432,15,BOYACÁ,15022,ALMEIDA,37.5,2018
433,15,BOYACÁ,15001,TUNJA,11.4,2018
434,15,BOYACÁ,15000,BOYACÁ,25.61,2018
435,13,BOLÍVAR,13894,ZAMBRANO,62.4,2018
436,13,BOLÍVAR,13873,VILLANUEVA,54.1,2018
437,13,BOLÍVAR,13838,TURBANÁ,42.8,2018
438,13,BOLÍVAR,13836,TURBACO,30.4,2018
439,13,BOLÍVAR,13810,TIQUISIO,73.0,2018
440,13,BOLÍVAR,13780,TALAIGUA NUEVO,50.7,2018
441,13,BOLÍVAR,13760,SOPLAVIENTO,39.4,2018
442,13,BOLÍVAR,13744,SIMITÍ,54.8,2018
443,13,BOLÍVAR,13688,SANTA ROSA DEL SUR,43.6,2018
444,13,BOLÍVAR,13683,SANTA ROSA,54.3,2018
445,15,BOYACÁ,15104,BOYACÁ,39.7,2018
446,15,BOYACÁ,15106,BRICEÑO,48.5,2018
447,15,BOYACÁ,15109,BUENAVISTA,44.9,2018
448,15,BOYACÁ,15114,BUSBANZÁ,31.3,2018
449,15,BOYACÁ,15238,DUITAMA,10.5,2018
450,15,BOYACÁ,15236,CHIVOR,45.8,2018
451,15,BOYACÁ,15232,CHÍQUIZA,51.3,2018
452,15,BOYACÁ,15226,CUÍTIVA,40.7,2018
453,15,BOYACÁ,15224,CUCAITA,25.9,2018
454,15,BOYACÁ,15223,CUBARÁ,69.7,2018
455,15,BOYACÁ,15218,COVARACHÍA,55.6,2018
456,15,BOYACÁ,15215,CORRALES,26.6,2018
457,15,BOYACÁ,15212,COPER,38.8,2018
458,15,BOYACÁ,15248,EL ESPINO,31.3,2018
459,15,BOYACÁ,15204,CÓMBITA,36.1,2018
460,15,BOYACÁ,15187,CHIVATÁ,42.3,2018
461,15,BOYACÁ,15185,CHITARAQUE,46.4,2018
462,15,BOYACÁ,15183,CHITA,69.1,2018
463,15,BOYACÁ,15180,CHISCAS,60.1,2018
464,15,BOYACÁ,15176,CHIQUINQUIRÁ,17.3,2018
465,15,BOYACÁ,15172,CHINAVITA,41.1,2018
466,15,BOYACÁ,15162,CERINZA,29.4,2018
467,15,BOYACÁ,15135,CAMPOHERMOSO,52.3,2018
468,15,BOYACÁ,15131,CALDAS,43.7,2018
469,15,BOYACÁ,15189,CIÉNEGA,40.5,2018
470,15,BOYACÁ,15646,SAMACÁ,21.5,2018
471,15,BOYACÁ,15660,SAN EDUARDO,35.9,2018
472,15,BOYACÁ,15664,SAN JOSÉ DE PARE,50.8,2018
473,17,CALDAS,17873,VILLAMARÍA,17.0,2018
474,17,CALDAS,17867,VICTORIA,34.9,2018
475,17,CALDAS,17777,SUPÍA,31.3,2018
476,17,CALDAS,17665,SAN JOSÉ,39.9,2018
477,17,CALDAS,17662,SAMANÁ,39.9,2018
478,17,CALDAS,17653,SALAMINA,28.7,2018
479,17,CALDAS,17616,RISARALDA,39.4,2018
480,17,CALDAS,17614,RIOSUCIO,29.3,2018
481,17,CALDAS,17541,PENSILVANIA,37.3,2018
482,17,CALDAS,17524,PALESTINA,30.1,2018
483,17,CALDAS,17513,PÁCORA,33.3,2018
484,17,CALDAS,17495,NORCASIA,41.4,2018
485,17,CALDAS,17486,NEIRA,31.3,2018
486,17,CALDAS,17446,MARULANDA,34.6,2018
487,17,CALDAS,17444,MARQUETALIA,40.7,2018
488,17,CALDAS,17442,MARMATO,37.6,2018
489,17,CALDAS,17433,MANZANARES,37.5,2018
490,17,CALDAS,17388,LA MERCED,34.5,2018
491,17,CALDAS,17380,LA DORADA,26.8,2018
492,17,CALDAS,17877,VITERBO,26.0,2018
493,18,CAQUETÁ,18000,CAQUETÁ,43.79,2018
494,18,CAQUETÁ,18001,FLORENCIA,29.6,2018
495,18,CAQUETÁ,18029,ALBANIA,38.8,2018
496,19,CAUCA,19100,BOLÍVAR,51.1,2018
497,19,CAUCA,19075,BALBOA,47.1,2018
498,19,CAUCA,19050,ARGELIA,50.1,2018
499,19,CAUCA,19022,ALMAGUER,62.9,2018
500,19,CAUCA,19001,POPAYÁN,18.4,2018
501,19,CAUCA,19000,CAUCA,37.83,2018
502,18,CAQUETÁ,18860,VALPARAÍSO,50.0,2018
503,18,CAQUETÁ,18785,SOLITA,58.1,2018
504,18,CAQUETÁ,18756,SOLANO,71.9,2018
505,17,CALDAS,17272,FILADELFIA,36.2,2018
506,18,CAQUETÁ,18753,SAN VICENTE DEL CAGUÁN,56.3,2018
507,18,CAQUETÁ,18592,PUERTO RICO,54.3,2018
508,18,CAQUETÁ,18479,MORELIA,42.4,2018
509,18,CAQUETÁ,18460,MILÁN,64.6,2018
510,18,CAQUETÁ,18410,LA MONTAÑITA,56.2,2018
511,18,CAQUETÁ,18256,EL PAUJIL,45.5,2018
512,18,CAQUETÁ,18247,EL DONCELLO,44.3,2018
513,18,CAQUETÁ,18205,CURILLO,55.4,2018
514,18,CAQUETÁ,18150,CARTAGENA DEL CHAIRÁ,63.3,2018
515,18,CAQUETÁ,18094,BELÉN DE LOS ANDAQUÍES,50.0,2018
516,18,CAQUETÁ,18610,SAN JOSÉ DEL FRAGUA,48.7,2018
517,17,CALDAS,17174,CHINCHINÁ,21.8,2018
518,17,CALDAS,17088,BELALCÁZAR,41.2,2018
519,17,CALDAS,17050,ARANZAZU,32.1,2018
520,15,BOYACÁ,15774,SUSACÓN,37.1,2018
521,15,BOYACÁ,15764,SORACÁ,38.5,2018
522,15,BOYACÁ,15763,SOTAQUIRÁ,35.4,2018
523,15,BOYACÁ,15762,SORA,55.3,2018
524,15,BOYACÁ,15761,SOMONDOCO,41.0,2018
525,15,BOYACÁ,15759,SOGAMOSO,10.4,2018
526,15,BOYACÁ,15757,SOCHA,20.8,2018
527,15,BOYACÁ,15755,SOCOTÁ,52.9,2018
528,15,BOYACÁ,15753,SOATÁ,17.3,2018
529,15,BOYACÁ,15776,SUTAMARCHÁN,31.1,2018
530,15,BOYACÁ,15740,SIACHOQUE,45.1,2018
531,15,BOYACÁ,15720,SATIVANORTE,51.6,2018
532,15,BOYACÁ,15696,SANTA SOFÍA,31.4,2018
533,15,BOYACÁ,15693,SANTA ROSA DE VITERBO,19.0,2018
534,15,BOYACÁ,15690,SANTA MARÍA,29.0,2018
535,15,BOYACÁ,15686,SANTANA,40.5,2018
536,15,BOYACÁ,15681,SAN PABLO DE BORBUR,53.7,2018
537,15,BOYACÁ,15676,SAN MIGUEL DE SEMA,35.6,2018
538,15,BOYACÁ,15673,SAN MATEO,45.8,2018
539,15,BOYACÁ,15667,SAN LUIS DE GACENO,31.4,2018
540,15,BOYACÁ,15723,SATIVASUR,29.7,2018
541,13,BOLÍVAR,13673,SANTA CATALINA,54.8,2018
542,15,BOYACÁ,15778,SUTATENZA,47.4,2018
543,15,BOYACÁ,15798,TENZA,41.1,2018
544,17,CALDAS,17042,ANSERMA,32.5,2018
545,17,CALDAS,17013,AGUADAS,30.0,2018
546,17,CALDAS,17001,MANIZALES,13.9,2018
547,17,CALDAS,17000,CALDAS,22.72,2018
548,15,BOYACÁ,15897,ZETAQUIRA,50.7,2018
549,15,BOYACÁ,15879,VIRACACHÁ,45.1,2018
550,15,BOYACÁ,15861,VENTAQUEMADA,25.7,2018
551,15,BOYACÁ,15842,UMBITA,49.4,2018
552,15,BOYACÁ,15839,TUTAZÁ,36.4,2018
553,15,BOYACÁ,15790,TASCO,31.4,2018
554,15,BOYACÁ,15837,TUTA,32.8,2018
555,15,BOYACÁ,15832,TUNUNGUÁ,42.1,2018
556,15,BOYACÁ,15822,TOTA,47.9,2018
557,15,BOYACÁ,15820,TÓPAGA,28.7,2018
558,15,BOYACÁ,15816,TOGÜÍ,50.0,2018
559,15,BOYACÁ,15814,TOCA,30.2,2018
560,15,BOYACÁ,15810,TIPACOQUE,41.6,2018
561,15,BOYACÁ,15808,TINJACÁ,35.2,2018
562,15,BOYACÁ,15806,TIBASOSA,14.3,2018
563,15,BOYACÁ,15804,TIBANÁ,47.0,2018
564,15,BOYACÁ,15835,TURMEQUÉ,45.1,2018
565,19,CAUCA,19110,BUENOS AIRES,42.5,2018
566,13,BOLÍVAR,13670,SAN PABLO,54.0,2018
567,13,BOLÍVAR,13657,SAN JUAN NEPOMUCENO,56.2,2018
568,05,ANTIOQUIA,05380,LA ESTRELLA,9.2,2018
569,05,ANTIOQUIA,05376,LA CEJA,11.5,2018
570,05,ANTIOQUIA,05368,JERICÓ,25.8,2018
571,05,ANTIOQUIA,05364,JARDÍN,28.5,2018
572,05,ANTIOQUIA,05361,ITUANGO,57.6,2018
573,05,ANTIOQUIA,05360,ITAGÜÍ,10.9,2018
574,05,ANTIOQUIA,05353,HISPANIA,36.9,2018
575,05,ANTIOQUIA,05347,HELICONIA,37.5,2018
576,05,ANTIOQUIA,05321,GUATAPÉ,11.4,2018
577,05,ANTIOQUIA,05318,GUARNE,17.0,2018
578,05,ANTIOQUIA,05315,GUADALUPE,41.1,2018
579,05,ANTIOQUIA,05313,GRANADA,33.4,2018
580,05,ANTIOQUIA,05310,GÓMEZ PLATA,34.1,2018
581,05,ANTIOQUIA,05308,GIRARDOTA,13.9,2018
582,05,ANTIOQUIA,05306,GIRALDO,33.4,2018
583,05,ANTIOQUIA,05284,FRONTINO,51.3,2018
584,05,ANTIOQUIA,05282,FREDONIA,31.6,2018
585,05,ANTIOQUIA,05266,ENVIGADO,4.9,2018
586,05,ANTIOQUIA,05264,ENTRERRIOS,23.1,2018
587,05,ANTIOQUIA,05390,LA PINTADA,31.2,2018
588,05,ANTIOQUIA,05400,LA UNIÓN,23.0,2018
589,05,ANTIOQUIA,05411,LIBORINA,43.3,2018
590,05,ANTIOQUIA,05425,MACEO,36.0,2018
591,05,ANTIOQUIA,05642,SALGAR,49.7,2018
592,05,ANTIOQUIA,05631,SABANETA,4.5,2018
593,05,ANTIOQUIA,05628,SABANALARGA,52.8,2018
594,05,ANTIOQUIA,05615,RIONEGRO,9.5,2018
595,05,ANTIOQUIA,05607,RETIRO,11.7,2018
596,05,ANTIOQUIA,05604,REMEDIOS,42.1,2018
597,05,ANTIOQUIA,05591,PUERTO TRIUNFO,29.3,2018
598,05,ANTIOQUIA,05585,PUERTO NARE,33.1,2018
599,05,ANTIOQUIA,05579,PUERTO BERRÍO,32.1,2018
600,05,ANTIOQUIA,05250,EL BAGRE,53.7,2018
601,05,ANTIOQUIA,05576,PUEBLORRICO,45.7,2018
602,05,ANTIOQUIA,05541,PEÑOL,20.0,2018
603,05,ANTIOQUIA,05501,OLAYA,33.4,2018
604,05,ANTIOQUIA,05495,NECHÍ,61.5,2018
605,05,ANTIOQUIA,05490,NECOCLÍ,62.7,2018
606,05,ANTIOQUIA,05483,NARIÑO,51.8,2018
607,05,ANTIOQUIA,05480,MUTATÁ,57.8,2018
608,05,ANTIOQUIA,05475,MURINDÓ,81.5,2018
609,05,ANTIOQUIA,05467,MONTEBELLO,39.5,2018
610,05,ANTIOQUIA,05440,MARINILLA,15.4,2018
611,05,ANTIOQUIA,05543,PEQUE,53.5,2018
612,05,ANTIOQUIA,05647,SAN ANDRÉS DE CUERQUÍA,48.5,2018
613,05,ANTIOQUIA,05240,EBÉJICO,39.1,2018
614,05,ANTIOQUIA,05234,DABEIBA,60.5,2018
615,05,ANTIOQUIA,05079,BARBOSA,22.2,2018
616,05,ANTIOQUIA,05059,ARMENIA,37.7,2018
617,05,ANTIOQUIA,05055,ARGELIA,48.7,2018
618,05,ANTIOQUIA,05051,ARBOLETES,59.1,2018
619,05,ANTIOQUIA,05045,APARTADÓ,28.0,2018
620,05,ANTIOQUIA,05044,ANZÁ,47.1,2018
621,05,ANTIOQUIA,05042,SANTAFÉ DE ANTIOQUIA,29.7,2018
622,05,ANTIOQUIA,05040,ANORÍ,53.3,2018
623,05,ANTIOQUIA,05038,ANGOSTURA,53.8,2018
624,05,ANTIOQUIA,05036,ANGELÓPOLIS,30.7,2018
625,05,ANTIOQUIA,05034,ANDES,40.1,2018
626,05,ANTIOQUIA,05031,AMALFI,43.3,2018
627,05,ANTIOQUIA,05030,AMAGÁ,22.9,2018
628,05,ANTIOQUIA,05021,ALEJANDRÍA,31.9,2018
629,05,ANTIOQUIA,05004,ABRIAQUÍ,34.8,2018
630,05,ANTIOQUIA,05002,ABEJORRAL,40.6,2018
631,05,ANTIOQUIA,05001,MEDELLÍN,12.8,2018
632,05,ANTIOQUIA,05000,ANTIOQUIA,21.55,2018
633,01,COLOMBIA,01001,COLOMBIA,25.62,2018
634,05,ANTIOQUIA,05086,BELMIRA,40.8,2018
635,05,ANTIOQUIA,05088,BELLO,14.2,2018
636,05,ANTIOQUIA,05091,BETANIA,53.6,2018
637,05,ANTIOQUIA,05093,BETULIA,53.1,2018
638,05,ANTIOQUIA,05212,COPACABANA,11.6,2018
639,05,ANTIOQUIA,05209,CONCORDIA,48.5,2018
640,05,ANTIOQUIA,05206,CONCEPCIÓN,33.0,2018
641,05,ANTIOQUIA,05197,COCORNÁ,42.9,2018
642,05,ANTIOQUIA,05190,CISNEROS,28.8,2018
643,05,ANTIOQUIA,05172,CHIGORODÓ,37.7,2018
644,05,ANTIOQUIA,05154,CAUCASIA,36.0,2018
645,05,ANTIOQUIA,05150,CAROLINA,20.4,2018
646,05,ANTIOQUIA,05148,EL CARMEN DE VIBORAL,18.5,2018
647,05,ANTIOQUIA,05237,DON MATÍAS,19.7,2018
648,05,ANTIOQUIA,05147,CAREPA,34.4,2018
649,05,ANTIOQUIA,05142,CARACOLÍ,35.9,2018
650,05,ANTIOQUIA,05138,CAÑASGORDAS,45.3,2018
651,05,ANTIOQUIA,05134,CAMPAMENTO,59.3,2018
652,05,ANTIOQUIA,05129,CALDAS,16.0,2018
653,05,ANTIOQUIA,05125,CAICEDO,54.6,2018
654,05,ANTIOQUIA,05120,CÁCERES,66.4,2018
655,05,ANTIOQUIA,05113,BURITICÁ,51.3,2018
656,05,ANTIOQUIA,05107,BRICEÑO,55.4,2018
657,05,ANTIOQUIA,05101,CIUDAD BOLÍVAR,40.4,2018
658,05,ANTIOQUIA,05145,CARAMANTA,30.5,2018
659,05,ANTIOQUIA,05649,SAN CARLOS,30.5,2018
660,05,ANTIOQUIA,05652,SAN FRANCISCO,46.4,2018
661,05,ANTIOQUIA,05656,SAN JERÓNIMO,30.5,2018
662,13,BOLÍVAR,13140,CALAMAR,62.5,2018
663,13,BOLÍVAR,13074,BARRANCO DE LOBA,68.9,2018
664,13,BOLÍVAR,13062,ARROYOHONDO,68.4,2018
665,13,BOLÍVAR,13052,ARJONA,47.4,2018
666,13,BOLÍVAR,13042,ARENAL,62.0,2018
667,13,BOLÍVAR,13030,ALTOS DEL ROSARIO,70.7,2018
668,13,BOLÍVAR,13006,ACHÍ,62.4,2018
669,13,BOLÍVAR,13001,CARTAGENA,19.9,2018
670,13,BOLÍVAR,13000,BOLÍVAR,38.04,2018
671,11,BOGOTÁ,11001,BOGOTÁ,9.0,2018
672,08,ATLÁNTICO,08849,USIACURÍ,32.7,2018
673,08,ATLÁNTICO,08832,TUBARÁ,32.8,2018
674,08,ATLÁNTICO,08770,SUAN,43.8,2018
675,08,ATLÁNTICO,08758,SOLEDAD,18.6,2018
676,08,ATLÁNTICO,08685,SANTO TOMÁS,25.8,2018
677,08,ATLÁNTICO,08675,SANTA LUCÍA,47.2,2018
678,08,ATLÁNTICO,08638,SABANALARGA,36.5,2018
679,08,ATLÁNTICO,08634,SABANAGRANDE,31.9,2018
680,08,ATLÁNTICO,08606,REPELÓN,54.6,2018
681,13,BOLÍVAR,13160,CANTAGALLO,50.6,2018
682,13,BOLÍVAR,13188,CICUCO,61.3,2018
683,13,BOLÍVAR,13212,CÓRDOBA,61.9,2018
684,13,BOLÍVAR,13222,CLEMENCIA,63.0,2018
685,13,BOLÍVAR,13655,SAN JACINTO DEL CAUCA,66.7,2018
686,13,BOLÍVAR,13654,SAN JACINTO,60.3,2018
687,13,BOLÍVAR,13650,SAN FERNANDO,64.3,2018
688,13,BOLÍVAR,13647,SAN ESTANISLAO,50.7,2018
689,13,BOLÍVAR,13620,SAN CRISTÓBAL,49.9,2018
690,13,BOLÍVAR,13600,RÍO VIEJO,57.3,2018
691,13,BOLÍVAR,13580,REGIDOR,48.9,2018
692,13,BOLÍVAR,13549,PINILLOS,67.5,2018
693,13,BOLÍVAR,13490,NOROSÍ,66.2,2018
694,08,ATLÁNTICO,08573,PUERTO COLOMBIA,14.4,2018
695,13,BOLÍVAR,13473,MORALES,57.6,2018
696,13,BOLÍVAR,13458,MONTECRISTO,70.1,2018
697,13,BOLÍVAR,13442,MARÍA LA BAJA,63.2,2018
698,13,BOLÍVAR,13440,MARGARITA,65.6,2018
699,13,BOLÍVAR,13433,MAHATES,54.3,2018
700,13,BOLÍVAR,13430,MAGANGUÉ,49.1,2018
701,13,BOLÍVAR,13300,HATILLO DE LOBA,73.8,2018
702,13,BOLÍVAR,13268,EL PEÑÓN,67.7,2018
703,13,BOLÍVAR,13248,EL GUAMO,59.5,2018
704,13,BOLÍVAR,13244,EL CARMEN DE BOLÍVAR,58.4,2018
705,13,BOLÍVAR,13468,MOMPÓS,49.1,2018
706,08,ATLÁNTICO,08560,PONEDERA,46.7,2018
707,08,ATLÁNTICO,08558,POLONUEVO,30.5,2018
708,08,ATLÁNTICO,08549,PIOJÓ,45.2,2018
709,05,ANTIOQUIA,05819,TOLEDO,53.5,2018
710,05,ANTIOQUIA,05809,TITIRIBÍ,30.3,2018
711,05,ANTIOQUIA,05792,TARSO,42.6,2018
712,05,ANTIOQUIA,05790,TARAZÁ,53.5,2018
713,05,ANTIOQUIA,05789,TÁMESIS,36.6,2018
714,05,ANTIOQUIA,05761,SOPETRÁN,28.7,2018
715,05,ANTIOQUIA,05756,SONSÓN,37.9,2018
716,05,ANTIOQUIA,05736,SEGOVIA,42.8,2018
717,05,ANTIOQUIA,05697,EL SANTUARIO,22.0,2018
718,05,ANTIOQUIA,05837,TURBO,49.9,2018
719,05,ANTIOQUIA,05690,SANTO DOMINGO,41.5,2018
720,05,ANTIOQUIA,05679,SANTA BÁRBARA,28.1,2018
721,05,ANTIOQUIA,05674,SAN VICENTE,27.8,2018
722,05,ANTIOQUIA,05670,SAN ROQUE,40.8,2018
723,05,ANTIOQUIA,05667,SAN RAFAEL,36.8,2018
724,05,ANTIOQUIA,05665,SAN PEDRO DE URABÁ,62.3,2018
725,05,ANTIOQUIA,05664,SAN PEDRO DE LOS MILAGROS,19.5,2018
726,05,ANTIOQUIA,05660,SAN LUIS,32.4,2018
727,05,ANTIOQUIA,05659,SAN JUAN DE URABÁ,61.1,2018
728,05,ANTIOQUIA,05658,SAN JOSÉ DE LA MONTAÑA,34.0,2018
729,05,ANTIOQUIA,05686,SANTA ROSA DE OSOS,30.9,2018
730,13,BOLÍVAR,13667,SAN MARTÍN DE LOBA,60.6,2018
731,05,ANTIOQUIA,05842,URAMITA,55.6,2018
732,05,ANTIOQUIA,05854,VALDIVIA,59.3,2018
733,08,ATLÁNTICO,08520,PALMAR DE VARELA,36.0,2018
734,08,ATLÁNTICO,08436,MANATÍ,48.4,2018
735,08,ATLÁNTICO,08433,MALAMBO,30.0,2018
736,08,ATLÁNTICO,08421,LURUACO,55.4,2018
737,08,ATLÁNTICO,08372,JUAN DE ACOSTA,36.7,2018
738,08,ATLÁNTICO,08296,GALAPA,23.8,2018
739,08,ATLÁNTICO,08141,CANDELARIA,52.0,2018
740,08,ATLÁNTICO,08137,CAMPO DE LA CRUZ,64.6,2018
741,08,ATLÁNTICO,08078,BARANOA,33.5,2018
742,05,ANTIOQUIA,05847,URRAO,46.1,2018
743,08,ATLÁNTICO,08001,BARRANQUILLA,17.4,2018
744,05,ANTIOQUIA,05895,ZARAGOZA,58.0,2018
745,05,ANTIOQUIA,05893,YONDÓ,46.3,2018
746,05,ANTIOQUIA,05890,YOLOMBÓ,45.0,2018
747,05,ANTIOQUIA,05887,YARUMAL,33.8,2018
748,05,ANTIOQUIA,05885,YALÍ,44.0,2018
749,05,ANTIOQUIA,05873,VIGÍA DEL FUERTE,76.1,2018
750,05,ANTIOQUIA,05861,VENECIA,25.8,2018
751,05,ANTIOQUIA,05858,VEGACHÍ,41.0,2018
752,05,ANTIOQUIA,05856,VALPARAÍSO,25.9,2018
753,08,ATLÁNTICO,08000,ATLÁNTICO,22.97,2018
754,19,CAUCA,19130,CAJIBÍO,56.9,2018
755,19,CAUCA,19137,CALDONO,56.0,2018
756,19,CAUCA,19142,CALOTO,37.4,2018
757,41,HUILA,41396,LA PLATA,42.5,2018
758,41,HUILA,41378,LA ARGENTINA,44.0,2018
759,41,HUILA,41359,ISNOS,43.1,2018
760,41,HUILA,41357,IQUIRA,49.6,2018
761,41,HUILA,41349,HOBO,38.8,2018
762,41,HUILA,41319,GUADALUPE,43.2,2018
763,41,HUILA,41306,GIGANTE,36.9,2018
764,41,HUILA,41298,GARZÓN,32.0,2018
765,41,HUILA,41244,ELÍAS,32.3,2018
766,41,HUILA,41206,COLOMBIA,61.7,2018
767,41,HUILA,41132,CAMPOALEGRE,31.1,2018
768,41,HUILA,41078,BARAYA,49.4,2018
769,41,HUILA,41026,ALTAMIRA,30.4,2018
770,41,HUILA,41020,ALGECIRAS,45.2,2018
771,41,HUILA,41016,AIPE,35.4,2018
772,41,HUILA,41013,AGRADO,50.0,2018
773,41,HUILA,41006,ACEVEDO,51.0,2018
774,41,HUILA,41001,NEIVA,17.6,2018
775,41,HUILA,41000,HUILA,32.48,2018
776,41,HUILA,41483,NÁTAGA,46.9,2018
777,41,HUILA,41503,OPORAPA,58.5,2018
778,41,HUILA,41518,PAICOL,39.1,2018
779,41,HUILA,41524,PALERMO,32.6,2018
780,44,LA GUAJIRA,44090,DIBULLA,65.5,2018
781,44,LA GUAJIRA,44078,BARRANCAS,46.7,2018
782,44,LA GUAJIRA,44035,ALBANIA,49.8,2018
783,44,LA GUAJIRA,44001,RIOHACHA,45.1,2018
784,44,LA GUAJIRA,44000,LA GUAJIRA,60.21,2018
785,41,HUILA,41885,YAGUARÁ,23.8,2018
786,41,HUILA,41872,VILLAVIEJA,37.9,2018
787,41,HUILA,41807,TIMANÁ,40.8,2018
788,41,HUILA,41801,TERUEL,39.9,2018
789,27,CHOCÓ,27810,UNIÓN PANAMERICANA,57.4,2018
790,41,HUILA,41799,TELLO,44.5,2018
791,41,HUILA,41791,TARQUI,47.1,2018
792,41,HUILA,41770,SUAZA,41.6,2018
793,41,HUILA,41676,SANTA MARÍA,51.5,2018
794,41,HUILA,41668,SAN AGUSTÍN,36.3,2018
795,41,HUILA,41660,SALADOBLANCO,57.8,2018
796,41,HUILA,41615,RIVERA,27.4,2018
797,41,HUILA,41551,PITALITO,33.7,2018
798,41,HUILA,41548,PITAL,43.9,2018
799,41,HUILA,41530,PALESTINA,51.0,2018
800,41,HUILA,41797,TESALIA,36.1,2018
801,44,LA GUAJIRA,44098,DISTRACCIÓN,40.2,2018
802,27,CHOCÓ,27800,UNGUÍA,63.4,2018
803,27,CHOCÓ,27745,SIPÍ,69.7,2018
804,27,CHOCÓ,27006,ACANDÍ,51.4,2018
805,27,CHOCÓ,27001,QUIBDÓ,44.4,2018
806,27,CHOCÓ,27000,CHOCÓ,62.44,2018
807,25,CUNDINAMARCA,25899,ZIPAQUIRÁ,10.3,2018
808,25,CUNDINAMARCA,25898,ZIPACÓN,20.5,2018
809,25,CUNDINAMARCA,25885,YACOPÍ,55.5,2018
810,25,CUNDINAMARCA,25878,VIOTÁ,36.3,2018
811,25,CUNDINAMARCA,25875,VILLETA,18.7,2018
812,25,CUNDINAMARCA,25873,VILLAPINZÓN,31.4,2018
813,25,CUNDINAMARCA,25871,VILLAGÓMEZ,38.2,2018
814,25,CUNDINAMARCA,25867,VIANÍ,31.6,2018
815,25,CUNDINAMARCA,25862,VERGARA,50.0,2018
816,25,CUNDINAMARCA,25851,ÚTICA,35.5,2018
817,25,CUNDINAMARCA,25845,UNE,29.6,2018
818,25,CUNDINAMARCA,25843,VILLA DE SAN DIEGO DE UBATE,14.2,2018
819,25,CUNDINAMARCA,25841,UBAQUE,34.1,2018
820,25,CUNDINAMARCA,25839,UBALÁ,47.0,2018
821,25,CUNDINAMARCA,25823,TOPAIPÍ,47.1,2018
822,25,CUNDINAMARCA,25817,TOCANCIPÁ,10.1,2018
823,27,CHOCÓ,27025,ALTO BAUDÓ,90.6,2018
824,27,CHOCÓ,27050,ATRATO,61.5,2018
825,27,CHOCÓ,27073,BAGADÓ,81.0,2018
826,27,CHOCÓ,27075,BAHÍA SOLANO,46.6,2018
827,27,CHOCÓ,27660,SAN JOSÉ DEL PALMAR,59.1,2018
828,27,CHOCÓ,27615,RIOSUCIO,70.9,2018
829,27,CHOCÓ,27600,RÍO QUITO,66.8,2018
830,27,CHOCÓ,27580,RÍO IRÓ,75.1,2018
831,27,CHOCÓ,27495,NUQUÍ,72.9,2018
832,27,CHOCÓ,27491,NÓVITA,60.1,2018
833,27,CHOCÓ,27450,MEDIO SAN JUAN,69.7,2018
834,27,CHOCÓ,27430,MEDIO BAUDÓ,80.2,2018
835,27,CHOCÓ,27425,MEDIO ATRATO,76.6,2018
836,27,CHOCÓ,27787,TADÓ,59.9,2018
837,27,CHOCÓ,27413,LLORÓ,74.4,2018
838,27,CHOCÓ,27361,ISTMINA,55.1,2018
839,27,CHOCÓ,27250,EL LITORAL DEL SAN JUAN,83.1,2018
840,27,CHOCÓ,27245,EL CARMEN DE ATRATO,54.0,2018
841,27,CHOCÓ,27205,CONDOTO,53.2,2018
842,27,CHOCÓ,27160,CÉRTEGUI,55.9,2018
843,27,CHOCÓ,27150,CARMEN DEL DARIÉN,77.8,2018
844,27,CHOCÓ,27135,EL CANTÓN DEL SAN PABLO,60.2,2018
845,27,CHOCÓ,27099,BOJAYÁ,77.1,2018
846,27,CHOCÓ,27077,BAJO BAUDÓ,80.4,2018
847,27,CHOCÓ,27372,JURADÓ,71.8,2018
848,44,LA GUAJIRA,44110,EL MOLINO,37.0,2018
849,44,LA GUAJIRA,44279,FONSECA,36.0,2018
850,44,LA GUAJIRA,44378,HATONUEVO,43.3,2018
851,50,META,50689,SAN MARTÍN,25.5,2018
852,50,META,50686,SAN JUANITO,43.2,2018
853,50,META,50683,SAN JUAN DE ARAMA,37.9,2018
854,50,META,50680,SAN CARLOS DE GUAROA,31.9,2018
855,50,META,50606,RESTREPO,15.3,2018
856,50,META,50590,PUERTO RICO,47.1,2018
857,50,META,50577,PUERTO LLERAS,43.5,2018
858,50,META,50573,PUERTO LÓPEZ,32.7,2018
859,50,META,50568,PUERTO GAITÁN,51.8,2018
860,50,META,50450,PUERTO CONCORDIA,53.0,2018
861,50,META,50400,LEJANÍAS,39.9,2018
862,50,META,50370,URIBE,60.4,2018
863,50,META,50350,LA MACARENA,67.9,2018
864,50,META,50330,MESETAS,45.1,2018
865,50,META,50325,MAPIRIPÁN,64.2,2018
866,50,META,50318,GUAMAL,22.6,2018
867,50,META,50313,GRANADA,29.6,2018
868,50,META,50287,FUENTE DE ORO,32.0,2018
869,50,META,50270,EL DORADO,28.9,2018
870,50,META,50711,VISTAHERMOSA,48.5,2018
871,52,NARIÑO,52000,NARIÑO,37.99,2018
872,52,NARIÑO,52001,PASTO,16.3,2018
873,52,NARIÑO,52019,ALBÁN,44.2,2018
874,52,NARIÑO,52287,FUNES,41.1,2018
875,52,NARIÑO,52260,EL TAMBO,31.9,2018
876,52,NARIÑO,52258,EL TABLÓN DE GÓMEZ,50.4,2018
877,52,NARIÑO,52256,EL ROSARIO,52.1,2018
878,52,NARIÑO,52254,EL PEÑOL,43.0,2018
879,52,NARIÑO,52250,EL CHARCO,75.9,2018
880,52,NARIÑO,52240,CHACHAGÜÍ,32.2,2018
881,52,NARIÑO,52233,CUMBITARA,39.4,2018
882,52,NARIÑO,52227,CUMBAL,28.6,2018
883,50,META,50251,EL CASTILLO,42.2,2018
884,52,NARIÑO,52224,CUASPUD,51.4,2018
885,52,NARIÑO,52210,CONTADERO,44.0,2018
886,52,NARIÑO,52207,CONSACÁ,34.9,2018
887,52,NARIÑO,52203,COLÓN,42.4,2018
888,52,NARIÑO,52110,BUESACO,39.2,2018
889,52,NARIÑO,52083,BELÉN,34.1,2018
890,52,NARIÑO,52079,BARBACOAS,76.1,2018
891,52,NARIÑO,52051,ARBOLEDA,54.3,2018
892,52,NARIÑO,52036,ANCUYÁ,22.2,2018
893,52,NARIÑO,52022,ALDANA,29.1,2018
894,52,NARIÑO,52215,CÓRDOBA,41.8,2018
895,50,META,50245,EL CALVARIO,29.7,2018
896,50,META,50226,CUMARAL,22.7,2018
897,50,META,50223,CUBARRAL,21.8,2018
898,47,MAGDALENA,47288,FUNDACIÓN,43.9,2018
899,47,MAGDALENA,47268,EL RETÉN,63.6,2018
900,47,MAGDALENA,47258,EL PIÑÓN,50.4,2018
901,47,MAGDALENA,47245,EL BANCO,54.7,2018
902,47,MAGDALENA,47205,CONCORDIA,67.9,2018
903,47,MAGDALENA,47189,CIÉNAGA,44.6,2018
904,47,MAGDALENA,47170,CHIBOLO,53.3,2018
905,47,MAGDALENA,47161,CERRO SAN ANTONIO,62.4,2018
906,47,MAGDALENA,47058,ARIGUANÍ,56.4,2018
907,47,MAGDALENA,47318,GUAMAL,60.3,2018
908,47,MAGDALENA,47053,ARACATACA,50.0,2018
909,47,MAGDALENA,47001,SANTA MARTA,24.4,2018
910,47,MAGDALENA,47000,MAGDALENA,42.36,2018
911,44,LA GUAJIRA,44874,VILLANUEVA,31.0,2018
912,44,LA GUAJIRA,44855,URUMITA,32.0,2018
913,44,LA GUAJIRA,44847,URIBIA,92.2,2018
914,44,LA GUAJIRA,44650,SAN JUAN DEL CESAR,36.6,2018
915,44,LA GUAJIRA,44560,MANAURE,86.7,2018
916,44,LA GUAJIRA,44430,MAICAO,60.0,2018
917,44,LA GUAJIRA,44420,LA JAGUA DEL PILAR,43.0,2018
918,47,MAGDALENA,47030,ALGARROBO,57.3,2018
919,25,CUNDINAMARCA,25815,TOCAIMA,24.4,2018
920,47,MAGDALENA,47460,NUEVA GRANADA,66.4,2018
921,47,MAGDALENA,47545,PIJIÑO DEL CARMEN,60.8,2018
922,50,META,50150,CASTILLA LA NUEVA,23.1,2018
923,50,META,50124,CABUYARO,32.2,2018
924,50,META,50110,BARRANCA DE UPÍA,36.5,2018
925,50,META,50006,ACACÍAS,19.2,2018
926,50,META,50001,VILLAVICENCIO,15.9,2018
927,50,META,50000,META,25.21,2018
928,47,MAGDALENA,47980,ZONA BANANERA,48.6,2018
929,47,MAGDALENA,47960,ZAPAYÁN,70.4,2018
930,47,MAGDALENA,47798,TENERIFE,56.3,2018
931,47,MAGDALENA,47541,PEDRAZA,56.2,2018
932,47,MAGDALENA,47745,SITIONUEVO,70.7,2018
933,47,MAGDALENA,47707,SANTA ANA,47.3,2018
934,47,MAGDALENA,47703,SAN ZENÓN,56.4,2018
935,47,MAGDALENA,47692,SAN SEBASTIÁN DE BUENAVISTA,63.8,2018
936,47,MAGDALENA,47675,SALAMINA,44.3,2018
937,47,MAGDALENA,47660,SABANAS DE SAN ÁNGEL,69.4,2018
938,47,MAGDALENA,47605,REMOLINO,50.6,2018
939,47,MAGDALENA,47570,PUEBLOVIEJO,58.0,2018
940,47,MAGDALENA,47555,PLATO,52.7,2018
941,47,MAGDALENA,47551,PIVIJAY,52.4,2018
942,47,MAGDALENA,47720,SANTA BÁRBARA DE PINTO,57.8,2018
943,25,CUNDINAMARCA,25805,TIBACUY,27.4,2018
944,25,CUNDINAMARCA,25799,TENJO,10.4,2018
945,25,CUNDINAMARCA,25797,TENA,18.5,2018
946,23,CÓRDOBA,23182,CHINÚ,45.3,2018
947,23,CÓRDOBA,23168,CHIMÁ,57.8,2018
948,23,CÓRDOBA,23162,CERETÉ,34.4,2018
949,23,CÓRDOBA,23090,CANALETE,68.2,2018
950,23,CÓRDOBA,23079,BUENAVISTA,58.0,2018
951,23,CÓRDOBA,23068,AYAPEL,62.4,2018
952,23,CÓRDOBA,23001,MONTERÍA,27.1,2018
953,23,CÓRDOBA,23000,CÓRDOBA,44.56,2018
954,20,CESAR,20787,TAMALAMEQUE,47.5,2018
955,20,CESAR,20770,SAN MARTÍN,41.7,2018
956,20,CESAR,20750,SAN DIEGO,40.7,2018
957,20,CESAR,20710,SAN ALBERTO,31.9,2018
958,20,CESAR,20621,LA PAZ,41.7,2018
959,20,CESAR,20614,RÍO DE ORO,48.3,2018
960,20,CESAR,20570,PUEBLO BELLO,74.9,2018
961,20,CESAR,20550,PELAYA,51.0,2018
962,20,CESAR,20517,PAILITAS,46.1,2018
963,20,CESAR,20443,MANAURE,41.2,2018
964,20,CESAR,20400,LA JAGUA DE IBIRICO,32.6,2018
965,23,CÓRDOBA,23189,CIÉNAGA DE ORO,52.3,2018
966,23,CÓRDOBA,23300,COTORRA,39.7,2018
967,23,CÓRDOBA,23350,LA APARTADA,52.6,2018
968,23,CÓRDOBA,23417,LORICA,41.1,2018
969,25,CUNDINAMARCA,25000,CUNDINAMARCA,16.16,2018
970,23,CÓRDOBA,23855,VALENCIA,53.1,2018
971,23,CÓRDOBA,23815,TUCHÍN,78.0,2018
972,23,CÓRDOBA,23807,TIERRALTA,63.8,2018
973,23,CÓRDOBA,23686,SAN PELAYO,45.8,2018
974,23,CÓRDOBA,23682,SAN JOSÉ DE URE,61.3,2018
975,23,CÓRDOBA,23678,SAN CARLOS,58.0,2018
976,23,CÓRDOBA,23675,SAN BERNARDO DEL VIENTO,57.0,2018
977,23,CÓRDOBA,23672,SAN ANTERO,46.0,2018
978,20,CESAR,20383,LA GLORIA,44.4,2018
979,23,CÓRDOBA,23670,SAN ANDRÉS SOTAVENTO,76.3,2018
980,23,CÓRDOBA,23586,PURÍSIMA,53.1,2018
981,23,CÓRDOBA,23580,PUERTO LIBERTADOR,58.9,2018
982,23,CÓRDOBA,23574,PUERTO ESCONDIDO,67.9,2018
983,23,CÓRDOBA,23570,PUEBLO NUEVO,52.9,2018
984,23,CÓRDOBA,23555,PLANETA RICA,43.0,2018
985,23,CÓRDOBA,23500,MOÑITOS,65.4,2018
986,23,CÓRDOBA,23466,MONTELÍBANO,41.1,2018
987,23,CÓRDOBA,23464,MOMIL,42.1,2018
988,23,CÓRDOBA,23419,LOS CÓRDOBAS,60.5,2018
989,23,CÓRDOBA,23660,SAHAGÚN,40.4,2018
990,20,CESAR,20310,GONZÁLEZ,56.6,2018
991,20,CESAR,20295,GAMARRA,48.6,2018
992,20,CESAR,20250,EL PASO,40.7,2018
993,19,CAUCA,19585,PURACÉ,39.5,2018
994,19,CAUCA,19573,PUERTO TEJADA,16.6,2018
995,19,CAUCA,19548,PIENDAMÓ,30.7,2018
996,19,CAUCA,19533,PIAMONTE,44.0,2018
997,19,CAUCA,19532,PATÍA,44.1,2018
998,19,CAUCA,19517,PAÉZ,56.3,2018
999,19,CAUCA,19513,PADILLA,22.0,2018
1000,19,CAUCA,19473,MORALES,48.7,2018
1001,19,CAUCA,19455,MIRANDA,21.6,2018
1002,19,CAUCA,19622,ROSAS,43.2,2018
1003,19,CAUCA,19450,MERCADERES,46.6,2018
1004,19,CAUCA,19397,LA VEGA,56.7,2018
1005,19,CAUCA,19392,LA SIERRA,53.6,2018
1006,19,CAUCA,19364,JAMBALÓ,46.5,2018
1007,19,CAUCA,19355,INZÁ,59.0,2018
1008,19,CAUCA,19318,GUAPI,68.9,2018
1009,19,CAUCA,19300,GUACHENÉ,20.2,2018
1010,19,CAUCA,19290,FLORENCIA,36.3,2018
1011,19,CAUCA,19256,EL TAMBO,46.0,2018
1012,19,CAUCA,19212,CORINTO,33.7,2018
1013,19,CAUCA,19418,LÓPEZ,81.2,2018
1014,25,CUNDINAMARCA,25001,AGUA DE DIOS,17.9,2018
1015,19,CAUCA,19693,SAN SEBASTIÁN,46.4,2018
1016,19,CAUCA,19701,SANTA ROSA,66.1,2018
1017,20,CESAR,20238,EL COPEY,48.2,2018
1018,20,CESAR,20228,CURUMANÍ,45.8,2018
1019,20,CESAR,20178,CHIRIGUANÁ,41.3,2018
1020,20,CESAR,20175,CHIMICHAGUA,52.5,2018
1021,20,CESAR,20060,BOSCONIA,43.8,2018
1022,20,CESAR,20045,BECERRIL,48.6,2018
1023,20,CESAR,20032,ASTREA,52.8,2018
1024,20,CESAR,20013,AGUSTÍN CODAZZI,44.5,2018
1025,20,CESAR,20011,AGUACHICA,37.0,2018
1026,19,CAUCA,19698,SANTANDER DE QUILICHAO,23.8,2018
1027,20,CESAR,20001,VALLEDUPAR,30.5,2018
1028,19,CAUCA,19845,VILLA RICA,22.7,2018
1029,19,CAUCA,19824,TOTORÓ,55.1,2018
1030,19,CAUCA,19821,TORIBÍO,45.1,2018
1031,19,CAUCA,19809,TIMBIQUÍ,72.4,2018
1032,19,CAUCA,19807,TIMBÍO,35.7,2018
1033,19,CAUCA,19785,SUCRE,75.5,2018
1034,19,CAUCA,19780,SUÁREZ,44.1,2018
1035,19,CAUCA,19760,SOTARÁ,32.3,2018
1036,19,CAUCA,19743,SILVIA,43.8,2018
1037,20,CESAR,20000,CESAR,38.45,2018
1038,52,NARIÑO,52320,GUAITARILLA,33.6,2018
1039,25,CUNDINAMARCA,25019,ALBÁN,25.8,2018
1040,25,CUNDINAMARCA,25040,ANOLAIMA,22.7,2018
1041,25,CUNDINAMARCA,25580,PULÍ,46.0,2018
1042,25,CUNDINAMARCA,25572,PUERTO SALGAR,31.0,2018
1043,25,CUNDINAMARCA,25535,PASCA,30.6,2018
1044,25,CUNDINAMARCA,25530,PARATEBUENO,37.4,2018
1045,25,CUNDINAMARCA,25524,PANDI,36.7,2018
1046,25,CUNDINAMARCA,25518,PAIME,55.0,2018
1047,25,CUNDINAMARCA,25513,PACHO,27.7,2018
1048,25,CUNDINAMARCA,25506,VENECIA,38.1,2018
1049,25,CUNDINAMARCA,25491,NOCAIMA,26.2,2018
1050,25,CUNDINAMARCA,25489,NIMAIMA,30.2,2018
1051,25,CUNDINAMARCA,25488,NILO,22.1,2018
1052,25,CUNDINAMARCA,25486,NEMOCÓN,14.2,2018
1053,25,CUNDINAMARCA,25483,NARIÑO,27.8,2018
1054,25,CUNDINAMARCA,25473,MOSQUERA,9.6,2018
1055,25,CUNDINAMARCA,25438,MEDINA,38.5,2018
1056,25,CUNDINAMARCA,25436,MANTA,35.5,2018
1057,25,CUNDINAMARCA,25430,MADRID,10.4,2018
1058,25,CUNDINAMARCA,25426,MACHETÁ,38.2,2018
1059,25,CUNDINAMARCA,25407,LENGUAZAQUE,29.1,2018
1060,25,CUNDINAMARCA,25592,QUEBRADANEGRA,32.1,2018
1061,25,CUNDINAMARCA,25594,QUETAME,37.7,2018
1062,25,CUNDINAMARCA,25596,QUIPILE,44.1,2018
1063,25,CUNDINAMARCA,25599,APULO,28.4,2018
1064,25,CUNDINAMARCA,25793,TAUSA,24.3,2018
1065,25,CUNDINAMARCA,25785,TABIO,9.6,2018
1066,25,CUNDINAMARCA,25781,SUTATAUSA,21.3,2018
1067,25,CUNDINAMARCA,25779,SUSA,27.1,2018
1068,25,CUNDINAMARCA,25777,SUPATÁ,28.2,2018
1069,25,CUNDINAMARCA,25772,SUESCA,14.0,2018
1070,25,CUNDINAMARCA,25769,SUBACHOQUE,12.6,2018
1071,25,CUNDINAMARCA,25758,SOPÓ,8.0,2018
1072,25,CUNDINAMARCA,25754,SOACHA,14.1,2018
1073,25,CUNDINAMARCA,25402,LA VEGA,22.1,2018
1074,25,CUNDINAMARCA,25745,SIMIJACA,22.4,2018
1075,25,CUNDINAMARCA,25740,SIBATÉ,13.5,2018
1076,25,CUNDINAMARCA,25736,SESQUILÉ,17.7,2018
1077,25,CUNDINAMARCA,25718,SASAIMA,22.9,2018
1078,25,CUNDINAMARCA,25662,SAN JUAN DE RÍO SECO,35.6,2018
1079,25,CUNDINAMARCA,25658,SAN FRANCISCO,20.2,2018
1080,25,CUNDINAMARCA,25653,SAN CAYETANO,36.9,2018
1081,25,CUNDINAMARCA,25649,SAN BERNARDO,34.8,2018
1082,25,CUNDINAMARCA,25645,SAN ANTONIO DEL TEQUENDAMA,21.8,2018
1083,25,CUNDINAMARCA,25612,RICAURTE,17.5,2018
1084,25,CUNDINAMARCA,25743,SILVANIA,23.5,2018
1085,25,CUNDINAMARCA,25398,LA PEÑA,50.3,2018
1086,25,CUNDINAMARCA,25394,LA PALMA,39.4,2018
1087,25,CUNDINAMARCA,25386,LA MESA,18.3,2018
1088,25,CUNDINAMARCA,25258,EL PEÑÓN,49.5,2018
1089,25,CUNDINAMARCA,25245,EL COLEGIO,18.3,2018
1090,25,CUNDINAMARCA,25224,CUCUNUBÁ,25.0,2018
1091,25,CUNDINAMARCA,25214,COTA,9.0,2018
1092,25,CUNDINAMARCA,25200,COGUA,12.6,2018
1093,25,CUNDINAMARCA,25183,CHOCONTÁ,27.5,2018
1094,25,CUNDINAMARCA,25181,CHOACHÍ,22.5,2018
1095,25,CUNDINAMARCA,25178,CHIPAQUE,31.1,2018
1096,25,CUNDINAMARCA,25175,CHÍA,6.7,2018
1097,25,CUNDINAMARCA,25260,EL ROSAL,12.8,2018
1098,25,CUNDINAMARCA,25168,CHAGUANÍ,58.7,2018
1099,25,CUNDINAMARCA,25151,CÁQUEZA,21.7,2018
1100,25,CUNDINAMARCA,25148,CAPARRAPÍ,41.2,2018
1101,25,CUNDINAMARCA,25126,CAJICÁ,6.8,2018
1102,25,CUNDINAMARCA,25123,CACHIPAY,20.6,2018
1103,25,CUNDINAMARCA,25120,CABRERA,39.5,2018
1104,25,CUNDINAMARCA,25099,BOJACÁ,16.8,2018
1105,25,CUNDINAMARCA,25095,BITUIMA,29.3,2018
1106,25,CUNDINAMARCA,25086,BELTRÁN,38.3,2018
1107,25,CUNDINAMARCA,25053,ARBELÁEZ,20.0,2018
1108,25,CUNDINAMARCA,25154,CARMEN DE CARUPA,31.2,2018
1109,25,CUNDINAMARCA,25035,ANAPOIMA,22.6,2018
1110,25,CUNDINAMARCA,25269,FACATATIVÁ,10.5,2018
1111,25,CUNDINAMARCA,25281,FOSCA,45.2,2018
1112,25,CUNDINAMARCA,25377,LA CALERA,9.8,2018
1113,25,CUNDINAMARCA,25372,JUNÍN,57.8,2018
1114,25,CUNDINAMARCA,25368,JERUSALÉN,34.9,2018
1115,25,CUNDINAMARCA,25339,GUTIÉRREZ,37.6,2018
1116,25,CUNDINAMARCA,25335,GUAYABETAL,29.6,2018
1117,25,CUNDINAMARCA,25328,GUAYABAL DE SÍQUIMA,29.4,2018
1118,25,CUNDINAMARCA,25326,GUATAVITA,33.1,2018
1119,25,CUNDINAMARCA,25324,GUATAQUÍ,32.9,2018
1120,25,CUNDINAMARCA,25322,GUASCA,15.5,2018
1121,25,CUNDINAMARCA,25279,FÓMEQUE,27.4,2018
1122,25,CUNDINAMARCA,25320,GUADUAS,27.2,2018
1123,25,CUNDINAMARCA,25312,GRANADA,19.9,2018
1124,25,CUNDINAMARCA,25307,GIRARDOT,13.4,2018
1125,25,CUNDINAMARCA,25299,GAMA,42.9,2018
1126,25,CUNDINAMARCA,25297,GACHETÁ,43.2,2018
1127,25,CUNDINAMARCA,25295,GACHANCIPÁ,11.1,2018
1128,25,CUNDINAMARCA,25293,GACHALÁ,51.5,2018
1129,25,CUNDINAMARCA,25290,FUSAGASUGÁ,12.2,2018
1130,25,CUNDINAMARCA,25288,FÚQUENE,23.6,2018
1131,25,CUNDINAMARCA,25286,FUNZA,7.8,2018
1132,25,CUNDINAMARCA,25317,GUACHETÁ,25.7,2018
1133,99,VICHADA,99773,CUMARIBO,91.4,2018
