,CODDEPTO,DEPARTAMENTO,CODMPIO,MUNICIPIO,AÑO,Cobertura de acueducto (Censo),Cobertura de alcantarillado (Censo)
0,11,BOGOTÁ,11001,BOGOTÁ,2018,99.48,99.16
1,13,BOLÍVAR,13000,BOLÍVAR,2018,78.7,50.92
2,13,BOLÍVAR,13001,CARTAGENA,2018,93.67,86.83
3,13,BOLÍVAR,13006,ACHÍ,2018,69.71,0.8
4,13,BOLÍVAR,13030,ALTOS DEL ROSARIO,2018,45.56,3.49
5,13,BOLÍVAR,13042,ARENAL,2018,76.01,34.47
6,13,BOLÍVAR,13052,ARJONA,2018,75.45,8.0
7,13,BOLÍVAR,13062,ARROYOHONDO,2018,62.84,14.57
8,13,BOLÍVAR,13074,BARRANCO DE LOBA,2018,45.92,4.1
9,13,BOLÍVAR,13140,CALAMAR,2018,52.12,1.04
10,13,BOLÍVAR,13160,CANTAGALLO,2018,56.99,43.61
11,13,BOLÍVAR,13188,CICUCO,2018,92.42,1.65
12,13,BOLÍVAR,13212,CÓRDOBA,2018,78.89,1.65
13,13,BOLÍVAR,13222,CLEMENCIA,2018,13.23,0.94
14,13,BOLÍVAR,13244,EL CARMEN DE BOLÍVAR,2018,72.57,3.54
15,13,BOLÍVAR,13248,EL GUAMO,2018,72.12,0.37
16,13,BOLÍVAR,13268,EL PEÑÓN,2018,54.73,2.8
17,13,BOLÍVAR,13300,HATILLO DE LOBA,2018,84.77,21.53
18,13,BOLÍVAR,13430,MAGANGUÉ,2018,83.56,30.28
19,13,BOLÍVAR,13433,MAHATES,2018,82.35,10.69
20,13,BOLÍVAR,13440,MARGARITA,2018,70.28,0.53
21,13,BOLÍVAR,13442,MARÍA LA BAJA,2018,24.68,9.58
22,13,BOLÍVAR,13458,MONTECRISTO,2018,31.03,0.61
23,13,BOLÍVAR,13468,MOMPÓS,2018,86.05,31.47
24,13,BOLÍVAR,13473,MORALES,2018,47.34,35.02
25,13,BOLÍVAR,13490,NOROSÍ,2018,3.33,1.11
26,13,BOLÍVAR,13549,PINILLOS,2018,51.72,11.98
27,13,BOLÍVAR,13580,REGIDOR,2018,88.99,6.45
28,13,BOLÍVAR,13600,RÍO VIEJO,2018,64.1,37.6
29,13,BOLÍVAR,13620,SAN CRISTÓBAL,2018,94.34,1.57
30,13,BOLÍVAR,13647,SAN ESTANISLAO,2018,89.0,0.95
31,13,BOLÍVAR,13650,SAN FERNANDO,2018,67.18,12.94
32,13,BOLÍVAR,13654,SAN JACINTO,2018,0.69,0.5
33,13,BOLÍVAR,13655,SAN JACINTO DEL CAUCA,2018,38.4,0.81
34,13,BOLÍVAR,13657,SAN JUAN NEPOMUCENO,2018,53.12,1.22
35,13,BOLÍVAR,13667,SAN MARTÍN DE LOBA,2018,59.09,35.96
36,13,BOLÍVAR,13670,SAN PABLO,2018,75.14,50.89
37,13,BOLÍVAR,13673,SANTA CATALINA,2018,2.78,1.64
38,13,BOLÍVAR,13683,SANTA ROSA,2018,32.99,1.06
39,13,BOLÍVAR,13688,SANTA ROSA DEL SUR,2018,69.67,66.48
40,13,BOLÍVAR,13744,SIMITÍ,2018,64.58,1.26
41,13,BOLÍVAR,13760,SOPLAVIENTO,2018,88.75,1.26
42,13,BOLÍVAR,13780,TALAIGUA NUEVO,2018,86.93,19.14
43,13,BOLÍVAR,13810,TIQUISIO,2018,37.59,1.23
44,13,BOLÍVAR,13836,TURBACO,2018,76.08,23.66
45,13,BOLÍVAR,13838,TURBANÁ,2018,57.96,42.65
46,13,BOLÍVAR,13873,VILLANUEVA,2018,53.87,1.37
47,13,BOLÍVAR,13894,ZAMBRANO,2018,81.44,1.72
48,15,BOYACÁ,15000,BOYACÁ,2018,85.52,63.22
49,15,BOYACÁ,15001,TUNJA,2018,98.9,95.87
50,15,BOYACÁ,15022,ALMEIDA,2018,63.86,17.32
51,15,BOYACÁ,15047,AQUITANIA,2018,73.17,38.0
52,15,BOYACÁ,15051,ARCABUCO,2018,84.65,45.11
53,15,BOYACÁ,15087,BELÉN,2018,90.28,60.08
54,15,BOYACÁ,15090,BERBEO,2018,85.64,25.82
55,15,BOYACÁ,15092,BETÉITIVA,2018,67.69,33.69
56,15,BOYACÁ,15097,BOAVITA,2018,49.67,41.47
57,15,BOYACÁ,15104,BOYACÁ,2018,84.78,17.0
58,15,BOYACÁ,15106,BRICEÑO,2018,43.22,23.01
59,15,BOYACÁ,15109,BUENAVISTA,2018,50.8,17.42
60,15,BOYACÁ,15114,BUSBANZÁ,2018,91.67,48.11
61,15,BOYACÁ,15131,CALDAS,2018,67.44,16.28
62,15,BOYACÁ,15135,CAMPOHERMOSO,2018,43.76,33.93
63,15,BOYACÁ,15162,CERINZA,2018,92.92,43.58
64,15,BOYACÁ,15172,CHINAVITA,2018,75.9,39.11
65,15,BOYACÁ,15176,CHIQUINQUIRÁ,2018,96.75,88.89
66,15,BOYACÁ,15180,CHISCAS,2018,72.64,33.55
67,15,BOYACÁ,15183,CHITA,2018,49.18,23.04
68,15,BOYACÁ,15185,CHITARAQUE,2018,42.03,22.67
69,15,BOYACÁ,15187,CHIVATÁ,2018,91.92,17.37
70,15,BOYACÁ,15189,CIÉNEGA,2018,87.26,25.27
71,15,BOYACÁ,15204,CÓMBITA,2018,87.73,15.58
72,15,BOYACÁ,15212,COPER,2018,35.36,24.16
73,15,BOYACÁ,15215,CORRALES,2018,93.41,66.06
74,15,BOYACÁ,15218,COVARACHÍA,2018,54.52,18.45
75,15,BOYACÁ,15223,CUBARÁ,2018,43.83,26.49
76,15,BOYACÁ,15224,CUCAITA,2018,95.15,46.85
77,15,BOYACÁ,15226,CUÍTIVA,2018,84.01,19.39
78,15,BOYACÁ,15232,CHÍQUIZA,2018,75.14,8.83
79,15,BOYACÁ,15236,CHIVOR,2018,68.05,38.0
80,15,BOYACÁ,15238,DUITAMA,2018,98.67,91.68
81,15,BOYACÁ,15244,EL COCUY,2018,84.1,55.44
82,15,BOYACÁ,15248,EL ESPINO,2018,90.91,48.52
83,15,BOYACÁ,15272,FIRAVITOBA,2018,91.64,47.13
84,15,BOYACÁ,15276,FLORESTA,2018,86.25,44.04
85,15,BOYACÁ,15293,GACHANTIVÁ,2018,63.62,22.04
86,15,BOYACÁ,15296,GÁMEZA,2018,89.27,30.4
87,15,BOYACÁ,15299,GARAGOA,2018,84.28,76.23
88,15,BOYACÁ,15317,GUACAMAYAS,2018,80.78,33.6
89,15,BOYACÁ,15322,GUATEQUE,2018,90.1,78.36
90,15,BOYACÁ,15325,GUAYATÁ,2018,80.85,44.78
91,15,BOYACÁ,15332,GÜICÁN,2018,62.55,35.01
92,15,BOYACÁ,15362,IZA,2018,91.11,61.9
93,15,BOYACÁ,15367,JENESANO,2018,80.87,26.64
94,15,BOYACÁ,15368,JERICÓ,2018,55.73,28.08
95,15,BOYACÁ,15377,LABRANZAGRANDE,2018,56.8,32.76
96,15,BOYACÁ,15380,LA CAPILLA,2018,79.03,38.13
97,15,BOYACÁ,15401,LA VICTORIA,2018,68.24,42.78
98,15,BOYACÁ,15403,LA UVITA,2018,79.7,42.23
99,15,BOYACÁ,15407,VILLA DE LEYVA,2018,95.36,60.38
100,15,BOYACÁ,15425,MACANAL,2018,76.48,31.44
101,15,BOYACÁ,15442,MARIPÍ,2018,18.47,16.42
102,15,BOYACÁ,15455,MIRAFLORES,2018,86.42,60.9
103,15,BOYACÁ,15464,MONGUA,2018,83.89,46.93
104,15,BOYACÁ,15466,MONGUÍ,2018,92.48,73.51
105,15,BOYACÁ,15469,MONIQUIRÁ,2018,79.2,52.97
106,15,BOYACÁ,15476,MOTAVITA,2018,62.53,15.1
107,15,BOYACÁ,15480,MUZO,2018,58.06,50.73
108,15,BOYACÁ,15491,NOBSA,2018,98.75,91.5
109,15,BOYACÁ,15494,NUEVO COLÓN,2018,80.37,18.75
110,15,BOYACÁ,15500,OICATÁ,2018,94.04,14.74
111,15,BOYACÁ,15507,OTANCHE,2018,44.76,42.12
112,15,BOYACÁ,15511,PACHAVITA,2018,79.45,19.52
113,15,BOYACÁ,15514,PÁEZ,2018,50.47,46.62
114,15,BOYACÁ,15516,PAIPA,2018,94.7,67.3
115,15,BOYACÁ,15518,PAJARITO,2018,74.05,53.57
116,15,BOYACÁ,15522,PANQUEBA,2018,71.53,53.97
117,15,BOYACÁ,15531,PAUNA,2018,41.61,24.97
118,15,BOYACÁ,15533,PAYA,2018,36.19,21.27
119,15,BOYACÁ,15537,PAZ DE RÍO,2018,91.66,63.34
120,15,BOYACÁ,15542,PESCA,2018,85.35,34.98
121,15,BOYACÁ,15550,PISBA,2018,43.57,32.13
122,15,BOYACÁ,15572,PUERTO BOYACÁ,2018,88.43,81.45
123,15,BOYACÁ,15580,QUÍPAMA,2018,31.44,30.17
124,15,BOYACÁ,15599,RAMIRIQUÍ,2018,80.1,46.04
125,15,BOYACÁ,15600,RÁQUIRA,2018,69.83,32.37
126,15,BOYACÁ,15621,RONDÓN,2018,48.41,36.22
127,15,BOYACÁ,15632,SABOYÁ,2018,64.37,8.95
128,15,BOYACÁ,15638,SÁCHICA,2018,91.45,52.38
129,15,BOYACÁ,15646,SAMACÁ,2018,88.17,43.91
130,15,BOYACÁ,15660,SAN EDUARDO,2018,74.87,43.03
131,15,BOYACÁ,15664,SAN JOSÉ DE PARE,2018,45.42,17.28
132,15,BOYACÁ,15667,SAN LUIS DE GACENO,2018,57.44,45.49
133,15,BOYACÁ,15673,SAN MATEO,2018,71.82,32.72
134,15,BOYACÁ,15676,SAN MIGUEL DE SEMA,2018,56.83,14.6
135,15,BOYACÁ,15681,SAN PABLO DE BORBUR,2018,30.48,22.29
136,15,BOYACÁ,15686,SANTANA,2018,73.01,34.72
137,15,BOYACÁ,15690,SANTA MARÍA,2018,64.71,58.84
138,15,BOYACÁ,15693,SANTA ROSA DE VITERBO,2018,92.94,67.51
139,15,BOYACÁ,15696,SANTA SOFÍA,2018,83.28,24.92
140,15,BOYACÁ,15720,SATIVANORTE,2018,75.64,33.25
141,15,BOYACÁ,15723,SATIVASUR,2018,85.46,27.0
142,15,BOYACÁ,15740,SIACHOQUE,2018,82.97,20.19
143,15,BOYACÁ,15753,SOATÁ,2018,91.48,71.33
144,15,BOYACÁ,15755,SOCOTÁ,2018,50.9,19.14
145,15,BOYACÁ,15757,SOCHA,2018,91.78,54.42
146,15,BOYACÁ,15759,SOGAMOSO,2018,97.89,91.02
147,15,BOYACÁ,15761,SOMONDOCO,2018,62.2,21.83
148,15,BOYACÁ,15762,SORA,2018,80.96,19.28
149,15,BOYACÁ,15763,SOTAQUIRÁ,2018,90.76,17.99
150,15,BOYACÁ,15764,SORACÁ,2018,82.12,26.63
151,15,BOYACÁ,15774,SUSACÓN,2018,71.1,21.97
152,15,BOYACÁ,15776,SUTAMARCHÁN,2018,55.22,33.92
153,15,BOYACÁ,15778,SUTATENZA,2018,41.79,19.0
154,15,BOYACÁ,15790,TASCO,2018,94.31,35.53
155,15,BOYACÁ,15798,TENZA,2018,45.25,31.91
156,15,BOYACÁ,15804,TIBANÁ,2018,78.24,21.26
157,15,BOYACÁ,15806,TIBASOSA,2018,95.32,54.88
158,15,BOYACÁ,15808,TINJACÁ,2018,53.66,23.76
159,15,BOYACÁ,15810,TIPACOQUE,2018,31.83,26.63
160,15,BOYACÁ,15814,TOCA,2018,90.26,48.09
161,15,BOYACÁ,15816,TOGÜÍ,2018,68.16,16.1
162,15,BOYACÁ,15820,TÓPAGA,2018,72.94,47.59
163,15,BOYACÁ,15822,TOTA,2018,83.97,18.61
164,15,BOYACÁ,15832,TUNUNGUÁ,2018,73.33,15.15
165,15,BOYACÁ,15835,TURMEQUÉ,2018,91.1,34.59
166,15,BOYACÁ,15837,TUTA,2018,91.17,29.39
167,15,BOYACÁ,15839,TUTAZÁ,2018,73.55,17.24
168,15,BOYACÁ,15842,UMBITA,2018,79.22,13.88
169,15,BOYACÁ,15861,VENTAQUEMADA,2018,93.45,26.87
170,15,BOYACÁ,15879,VIRACACHÁ,2018,86.05,16.63
171,15,BOYACÁ,15897,ZETAQUIRA,2018,62.13,22.7
172,17,CALDAS,17000,CALDAS,2018,88.75,81.24
173,17,CALDAS,17001,MANIZALES,2018,96.29,93.98
174,17,CALDAS,17013,AGUADAS,2018,78.77,58.76
175,17,CALDAS,17042,ANSERMA,2018,72.69,65.35
176,17,CALDAS,17050,ARANZAZU,2018,88.0,71.33
177,17,CALDAS,17088,BELALCÁZAR,2018,70.56,54.44
178,17,CALDAS,17174,CHINCHINÁ,2018,96.2,93.69
179,17,CALDAS,17272,FILADELFIA,2018,78.55,64.73
180,17,CALDAS,17380,LA DORADA,2018,94.24,87.78
181,17,CALDAS,17388,LA MERCED,2018,75.46,54.96
182,17,CALDAS,17433,MANZANARES,2018,66.0,54.5
183,17,CALDAS,17442,MARMATO,2018,71.89,54.79
184,17,CALDAS,17444,MARQUETALIA,2018,64.79,48.13
185,17,CALDAS,17446,MARULANDA,2018,70.19,60.84
186,17,CALDAS,17486,NEIRA,2018,86.58,73.83
187,17,CALDAS,17495,NORCASIA,2018,78.93,67.42
188,17,CALDAS,17513,PÁCORA,2018,83.39,58.45
189,17,CALDAS,17524,PALESTINA,2018,87.37,76.52
190,17,CALDAS,17541,PENSILVANIA,2018,64.66,54.66
191,17,CALDAS,17614,RIOSUCIO,2018,80.27,69.32
192,17,CALDAS,17616,RISARALDA,2018,59.7,49.08
193,17,CALDAS,17653,SALAMINA,2018,82.24,69.04
194,17,CALDAS,17662,SAMANÁ,2018,60.51,43.05
195,17,CALDAS,17665,SAN JOSÉ,2018,60.67,32.24
196,17,CALDAS,17777,SUPÍA,2018,84.37,55.29
197,17,CALDAS,17867,VICTORIA,2018,84.68,59.23
198,17,CALDAS,17873,VILLAMARÍA,2018,93.61,87.55
199,17,CALDAS,17877,VITERBO,2018,93.11,87.46
200,18,CAQUETÁ,18000,CAQUETÁ,2018,72.71,65.71
201,18,CAQUETÁ,18001,FLORENCIA,2018,90.7,82.59
202,18,CAQUETÁ,18029,ALBANIA,2018,57.35,49.89
203,18,CAQUETÁ,18094,BELÉN DE LOS ANDAQUÍES,2018,69.96,62.64
204,18,CAQUETÁ,18150,CARTAGENA DEL CHAIRÁ,2018,57.47,47.92
205,18,CAQUETÁ,18205,CURILLO,2018,68.22,57.37
206,18,CAQUETÁ,18247,EL DONCELLO,2018,72.39,74.96
207,18,CAQUETÁ,18256,EL PAUJIL,2018,54.84,51.64
208,18,CAQUETÁ,18410,LA MONTAÑITA,2018,40.56,37.41
209,18,CAQUETÁ,18460,MILÁN,2018,18.09,29.97
210,18,CAQUETÁ,18479,MORELIA,2018,58.05,56.56
211,18,CAQUETÁ,18592,PUERTO RICO,2018,65.62,60.64
212,18,CAQUETÁ,18610,SAN JOSÉ DEL FRAGUA,2018,74.8,61.59
213,18,CAQUETÁ,18753,SAN VICENTE DEL CAGUÁN,2018,56.38,42.36
214,18,CAQUETÁ,18756,SOLANO,2018,40.04,41.55
215,18,CAQUETÁ,18785,SOLITA,2018,58.15,53.59
216,18,CAQUETÁ,18860,VALPARAÍSO,2018,42.75,46.44
217,19,CAUCA,19000,CAUCA,2018,65.05,44.4
218,19,CAUCA,19001,POPAYÁN,2018,96.12,84.9
219,19,CAUCA,19022,ALMAGUER,2018,12.84,8.56
220,19,CAUCA,19050,ARGELIA,2018,50.17,32.53
221,19,CAUCA,19075,BALBOA,2018,46.56,28.98
222,19,CAUCA,19100,BOLÍVAR,2018,23.89,18.5
223,19,CAUCA,19110,BUENOS AIRES,2018,51.98,16.54
224,19,CAUCA,19130,CAJIBÍO,2018,34.61,8.04
225,19,CAUCA,19137,CALDONO,2018,79.43,9.55
226,19,CAUCA,19142,CALOTO,2018,54.0,27.51
227,19,CAUCA,19212,CORINTO,2018,57.59,56.43
228,19,CAUCA,19256,EL TAMBO,2018,62.07,8.12
229,19,CAUCA,19290,FLORENCIA,2018,88.41,22.63
230,19,CAUCA,19300,GUACHENÉ,2018,88.39,32.17
231,19,CAUCA,19318,GUAPI,2018,19.15,10.33
232,19,CAUCA,19355,INZÁ,2018,24.64,21.8
233,19,CAUCA,19364,JAMBALÓ,2018,68.72,20.99
234,19,CAUCA,19392,LA SIERRA,2018,40.12,12.93
235,19,CAUCA,19397,LA VEGA,2018,39.65,18.85
236,19,CAUCA,19418,LÓPEZ,2018,11.62,10.9
237,19,CAUCA,19450,MERCADERES,2018,66.75,28.73
238,19,CAUCA,19455,MIRANDA,2018,84.82,76.48
239,19,CAUCA,19473,MORALES,2018,53.11,8.45
240,19,CAUCA,19513,PADILLA,2018,93.81,64.93
241,19,CAUCA,19517,PAÉZ,2018,14.05,27.44
242,19,CAUCA,19532,PATÍA,2018,51.61,42.51
243,19,CAUCA,19533,PIAMONTE,2018,70.99,30.43
244,19,CAUCA,19548,PIENDAMÓ,2018,93.32,40.0
245,19,CAUCA,19573,PUERTO TEJADA,2018,96.97,94.05
246,19,CAUCA,19585,PURACÉ,2018,24.04,22.45
247,19,CAUCA,19622,ROSAS,2018,46.37,14.4
248,19,CAUCA,19693,SAN SEBASTIÁN,2018,59.39,22.81
249,19,CAUCA,19698,SANTANDER DE QUILICHAO,2018,82.66,54.4
250,19,CAUCA,19701,SANTA ROSA,2018,20.09,19.24
251,19,CAUCA,19743,SILVIA,2018,34.61,19.35
252,19,CAUCA,19760,SOTARÁ,2018,47.44,11.84
253,19,CAUCA,19780,SUÁREZ,2018,40.04,27.32
254,19,CAUCA,19785,SUCRE,2018,23.1,19.66
255,19,CAUCA,19807,TIMBÍO,2018,93.07,39.53
256,19,CAUCA,19809,TIMBIQUÍ,2018,18.25,15.55
257,19,CAUCA,19821,TORIBÍO,2018,67.54,20.15
258,19,CAUCA,19824,TOTORÓ,2018,12.35,11.01
259,19,CAUCA,19845,VILLA RICA,2018,49.76,71.58
260,20,CESAR,20000,CESAR,2018,84.55,73.88
261,20,CESAR,20001,VALLEDUPAR,2018,88.84,81.7
262,20,CESAR,20011,AGUACHICA,2018,91.13,80.08
263,20,CESAR,20013,AGUSTÍN CODAZZI,2018,79.42,71.85
264,20,CESAR,20032,ASTREA,2018,74.22,58.01
265,20,CESAR,20045,BECERRIL,2018,80.0,62.08
266,20,CESAR,20060,BOSCONIA,2018,85.88,78.11
267,20,CESAR,20175,CHIMICHAGUA,2018,74.07,39.0
268,20,CESAR,20178,CHIRIGUANÁ,2018,83.05,70.28
269,20,CESAR,20228,CURUMANÍ,2018,83.02,73.46
270,20,CESAR,20238,EL COPEY,2018,87.89,73.52
271,20,CESAR,20250,EL PASO,2018,86.41,72.77
272,20,CESAR,20295,GAMARRA,2018,90.21,46.69
273,20,CESAR,20310,GONZÁLEZ,2018,56.38,32.08
274,20,CESAR,20383,LA GLORIA,2018,82.72,58.02
275,20,CESAR,20400,LA JAGUA DE IBIRICO,2018,85.75,78.69
276,20,CESAR,20443,MANAURE,2018,82.53,59.03
277,20,CESAR,20517,PAILITAS,2018,76.51,69.58
278,20,CESAR,20550,PELAYA,2018,80.07,67.35
279,20,CESAR,20570,PUEBLO BELLO,2018,43.0,35.04
280,20,CESAR,20614,RÍO DE ORO,2018,65.87,53.71
281,20,CESAR,20621,LA PAZ,2018,70.61,67.44
282,20,CESAR,20710,SAN ALBERTO,2018,87.81,79.21
283,20,CESAR,20750,SAN DIEGO,2018,79.7,65.87
284,20,CESAR,20770,SAN MARTÍN,2018,84.99,72.04
285,20,CESAR,20787,TAMALAMEQUE,2018,77.19,50.68
286,23,CÓRDOBA,23000,CÓRDOBA,2018,68.07,41.72
287,23,CÓRDOBA,23001,MONTERÍA,2018,88.43,67.77
288,23,CÓRDOBA,23068,AYAPEL,2018,24.41,24.6
289,23,CÓRDOBA,23079,BUENAVISTA,2018,76.33,33.85
290,23,CÓRDOBA,23090,CANALETE,2018,46.36,20.14
291,23,CÓRDOBA,23162,CERETÉ,2018,87.08,30.02
292,23,CÓRDOBA,23168,CHIMÁ,2018,31.13,20.4
293,23,CÓRDOBA,23182,CHINÚ,2018,87.17,48.29
294,23,CÓRDOBA,23189,CIÉNAGA DE ORO,2018,66.44,26.04
295,23,CÓRDOBA,23300,COTORRA,2018,85.08,2.89
296,23,CÓRDOBA,23350,LA APARTADA,2018,61.83,51.94
297,23,CÓRDOBA,23417,LORICA,2018,69.37,33.71
298,23,CÓRDOBA,23419,LOS CÓRDOBAS,2018,26.25,13.94
299,23,CÓRDOBA,23464,MOMIL,2018,75.42,43.87
300,23,CÓRDOBA,23466,MONTELÍBANO,2018,63.06,61.98
301,23,CÓRDOBA,23500,MOÑITOS,2018,51.15,4.71
302,23,CÓRDOBA,23555,PLANETA RICA,2018,64.36,60.74
303,23,CÓRDOBA,23570,PUEBLO NUEVO,2018,85.62,29.27
304,23,CÓRDOBA,23574,PUERTO ESCONDIDO,2018,28.48,1.78
305,23,CÓRDOBA,23580,PUERTO LIBERTADOR,2018,48.02,18.12
306,23,CÓRDOBA,23586,PURÍSIMA,2018,56.93,36.5
307,23,CÓRDOBA,23660,SAHAGÚN,2018,74.28,51.76
308,23,CÓRDOBA,23670,SAN ANDRÉS SOTAVENTO,2018,26.31,19.16
309,23,CÓRDOBA,23672,SAN ANTERO,2018,71.4,45.08
310,23,CÓRDOBA,23675,SAN BERNARDO DEL VIENTO,2018,58.61,4.8
311,23,CÓRDOBA,23678,SAN CARLOS,2018,38.16,0.63
312,23,CÓRDOBA,23682,SAN JOSÉ DE URE,2018,39.79,29.97
313,23,CÓRDOBA,23686,SAN PELAYO,2018,43.25,8.07
314,23,CÓRDOBA,23807,TIERRALTA,2018,42.04,22.13
315,23,CÓRDOBA,23815,TUCHÍN,2018,41.04,11.89
316,23,CÓRDOBA,23855,VALENCIA,2018,55.26,35.57
317,25,CUNDINAMARCA,25000,CUNDINAMARCA,2018,89.69,76.8
318,25,CUNDINAMARCA,25001,AGUA DE DIOS,2018,95.23,80.09
319,25,CUNDINAMARCA,25019,ALBÁN,2018,82.42,26.85
320,25,CUNDINAMARCA,25035,ANAPOIMA,2018,85.38,52.82
321,25,CUNDINAMARCA,25040,ANOLAIMA,2018,86.76,43.66
322,25,CUNDINAMARCA,25053,ARBELÁEZ,2018,88.2,42.25
323,25,CUNDINAMARCA,25086,BELTRÁN,2018,78.94,74.88
324,25,CUNDINAMARCA,25095,BITUIMA,2018,71.75,25.9
325,25,CUNDINAMARCA,25099,BOJACÁ,2018,93.68,81.87
326,25,CUNDINAMARCA,25120,CABRERA,2018,36.78,27.68
327,25,CUNDINAMARCA,25123,CACHIPAY,2018,90.66,40.36
328,25,CUNDINAMARCA,25126,CAJICÁ,2018,99.65,98.22
329,25,CUNDINAMARCA,25148,CAPARRAPÍ,2018,52.3,28.18
330,25,CUNDINAMARCA,25151,CÁQUEZA,2018,56.22,48.45
331,25,CUNDINAMARCA,25154,CARMEN DE CARUPA,2018,83.16,28.77
332,25,CUNDINAMARCA,25168,CHAGUANÍ,2018,43.68,25.28
333,25,CUNDINAMARCA,25175,CHÍA,2018,99.25,92.96
334,25,CUNDINAMARCA,25178,CHIPAQUE,2018,57.2,31.17
335,25,CUNDINAMARCA,25181,CHOACHÍ,2018,85.23,41.91
336,25,CUNDINAMARCA,25183,CHOCONTÁ,2018,86.98,53.14
337,25,CUNDINAMARCA,25200,COGUA,2018,94.16,68.28
338,25,CUNDINAMARCA,25214,COTA,2018,96.8,86.16
339,25,CUNDINAMARCA,25224,CUCUNUBÁ,2018,84.74,19.14
340,25,CUNDINAMARCA,25245,EL COLEGIO,2018,93.98,49.55
341,25,CUNDINAMARCA,25258,EL PEÑÓN,2018,25.12,18.47
342,25,CUNDINAMARCA,25260,EL ROSAL,2018,96.3,90.82
343,25,CUNDINAMARCA,25269,FACATATIVÁ,2018,97.67,94.67
344,25,CUNDINAMARCA,25279,FÓMEQUE,2018,83.86,43.04
345,25,CUNDINAMARCA,25281,FOSCA,2018,34.16,25.3
346,25,CUNDINAMARCA,25286,FUNZA,2018,99.39,98.46
347,25,CUNDINAMARCA,25288,FÚQUENE,2018,85.59,16.76
348,25,CUNDINAMARCA,25290,FUSAGASUGÁ,2018,97.12,85.68
349,25,CUNDINAMARCA,25293,GACHALÁ,2018,44.42,35.46
350,25,CUNDINAMARCA,25295,GACHANCIPÁ,2018,97.02,85.13
351,25,CUNDINAMARCA,25297,GACHETÁ,2018,54.46,39.93
352,25,CUNDINAMARCA,25299,GAMA,2018,22.53,22.44
353,25,CUNDINAMARCA,25307,GIRARDOT,2018,98.75,95.01
354,25,CUNDINAMARCA,25312,GRANADA,2018,86.4,43.36
355,25,CUNDINAMARCA,25317,GUACHETÁ,2018,90.37,46.28
356,25,CUNDINAMARCA,25320,GUADUAS,2018,67.79,65.53
357,25,CUNDINAMARCA,25322,GUASCA,2018,91.18,49.51
358,25,CUNDINAMARCA,25324,GUATAQUÍ,2018,79.79,60.18
359,25,CUNDINAMARCA,25326,GUATAVITA,2018,81.84,38.3
360,25,CUNDINAMARCA,25328,GUAYABAL DE SÍQUIMA,2018,80.17,28.81
361,25,CUNDINAMARCA,25335,GUAYABETAL,2018,38.38,38.32
362,25,CUNDINAMARCA,25339,GUTIÉRREZ,2018,47.03,31.44
363,25,CUNDINAMARCA,25368,JERUSALÉN,2018,45.04,27.35
364,25,CUNDINAMARCA,25372,JUNÍN,2018,49.86,19.55
365,25,CUNDINAMARCA,25377,LA CALERA,2018,89.04,59.94
366,25,CUNDINAMARCA,25386,LA MESA,2018,88.88,58.74
367,25,CUNDINAMARCA,25394,LA PALMA,2018,46.98,43.34
368,25,CUNDINAMARCA,25398,LA PEÑA,2018,24.05,15.33
369,25,CUNDINAMARCA,25402,LA VEGA,2018,71.26,43.94
370,25,CUNDINAMARCA,25407,LENGUAZAQUE,2018,72.51,32.37
371,25,CUNDINAMARCA,25426,MACHETÁ,2018,65.4,25.95
372,25,CUNDINAMARCA,25430,MADRID,2018,99.13,95.43
373,25,CUNDINAMARCA,25436,MANTA,2018,74.06,24.37
374,25,CUNDINAMARCA,25438,MEDINA,2018,56.25,54.05
375,25,CUNDINAMARCA,25473,MOSQUERA,2018,98.61,98.67
376,25,CUNDINAMARCA,25483,NARIÑO,2018,76.47,69.15
377,25,CUNDINAMARCA,25486,NEMOCÓN,2018,97.63,74.55
378,25,CUNDINAMARCA,25488,NILO,2018,77.55,52.78
379,25,CUNDINAMARCA,25489,NIMAIMA,2018,69.78,33.92
380,25,CUNDINAMARCA,25491,NOCAIMA,2018,59.72,36.88
381,25,CUNDINAMARCA,25506,VENECIA,2018,62.64,33.9
382,25,CUNDINAMARCA,25513,PACHO,2018,69.37,50.38
383,25,CUNDINAMARCA,25518,PAIME,2018,20.45,16.45
384,25,CUNDINAMARCA,25524,PANDI,2018,69.92,24.11
385,25,CUNDINAMARCA,25530,PARATEBUENO,2018,66.79,62.64
386,25,CUNDINAMARCA,25535,PASCA,2018,72.69,24.04
387,25,CUNDINAMARCA,25572,PUERTO SALGAR,2018,87.02,85.0
388,25,CUNDINAMARCA,25580,PULÍ,2018,45.99,18.93
389,25,CUNDINAMARCA,25592,QUEBRADANEGRA,2018,61.7,26.54
390,25,CUNDINAMARCA,25594,QUETAME,2018,47.15,42.44
391,25,CUNDINAMARCA,25596,QUIPILE,2018,74.29,18.7
392,25,CUNDINAMARCA,25599,APULO,2018,64.16,46.75
393,25,CUNDINAMARCA,25612,RICAURTE,2018,95.41,55.01
394,25,CUNDINAMARCA,25645,SAN ANTONIO DEL TEQUENDAMA,2018,78.39,18.43
395,25,CUNDINAMARCA,25649,SAN BERNARDO,2018,67.64,46.0
396,25,CUNDINAMARCA,25653,SAN CAYETANO,2018,21.18,19.53
397,25,CUNDINAMARCA,25658,SAN FRANCISCO,2018,78.13,41.91
398,25,CUNDINAMARCA,25662,SAN JUAN DE RÍO SECO,2018,63.47,53.14
399,25,CUNDINAMARCA,25718,SASAIMA,2018,78.05,13.63
400,25,CUNDINAMARCA,25736,SESQUILÉ,2018,88.19,58.95
401,25,CUNDINAMARCA,25740,SIBATÉ,2018,98.84,83.04
402,25,CUNDINAMARCA,25743,SILVANIA,2018,71.89,37.45
403,25,CUNDINAMARCA,25745,SIMIJACA,2018,94.7,62.59
404,25,CUNDINAMARCA,25754,SOACHA,2018,93.78,92.4
405,25,CUNDINAMARCA,25758,SOPÓ,2018,97.86,85.21
406,25,CUNDINAMARCA,25769,SUBACHOQUE,2018,94.91,62.44
407,25,CUNDINAMARCA,25772,SUESCA,2018,96.41,60.19
408,25,CUNDINAMARCA,25777,SUPATÁ,2018,75.72,35.56
409,25,CUNDINAMARCA,25779,SUSA,2018,62.1,31.79
410,25,CUNDINAMARCA,25781,SUTATAUSA,2018,92.0,42.9
411,25,CUNDINAMARCA,25785,TABIO,2018,96.19,65.43
412,25,CUNDINAMARCA,25793,TAUSA,2018,78.34,22.95
413,25,CUNDINAMARCA,25797,TENA,2018,92.16,28.23
414,25,CUNDINAMARCA,25799,TENJO,2018,97.93,63.81
415,25,CUNDINAMARCA,25805,TIBACUY,2018,71.27,21.64
416,25,CUNDINAMARCA,25807,TIBIRITA,2018,48.56,19.38
417,25,CUNDINAMARCA,25815,TOCAIMA,2018,86.23,62.0
418,25,CUNDINAMARCA,25817,TOCANCIPÁ,2018,98.91,93.07
419,25,CUNDINAMARCA,25823,TOPAIPÍ,2018,30.9,19.59
420,25,CUNDINAMARCA,25839,UBALÁ,2018,27.03,21.12
421,25,CUNDINAMARCA,25841,UBAQUE,2018,59.12,17.26
422,25,CUNDINAMARCA,25843,VILLA DE SAN DIEGO DE UBATE,2018,97.32,77.45
423,25,CUNDINAMARCA,25845,UNE,2018,80.8,52.6
424,25,CUNDINAMARCA,25851,ÚTICA,2018,64.53,48.36
425,25,CUNDINAMARCA,25862,VERGARA,2018,33.18,15.47
426,25,CUNDINAMARCA,25867,VIANÍ,2018,50.15,33.92
427,25,CUNDINAMARCA,25871,VILLAGÓMEZ,2018,48.46,34.2
428,25,CUNDINAMARCA,25873,VILLAPINZÓN,2018,88.32,39.97
429,25,CUNDINAMARCA,25875,VILLETA,2018,86.06,68.81
430,25,CUNDINAMARCA,25878,VIOTÁ,2018,76.61,33.25
431,25,CUNDINAMARCA,25885,YACOPÍ,2018,42.62,26.87
432,25,CUNDINAMARCA,25898,ZIPACÓN,2018,86.26,40.17
433,25,CUNDINAMARCA,25899,ZIPAQUIRÁ,2018,98.18,94.58
434,27,CHOCÓ,27000,CHOCÓ,2018,28.54,20.36
435,27,CHOCÓ,27001,QUIBDÓ,2018,25.21,17.81
436,27,CHOCÓ,27006,ACANDÍ,2018,60.42,31.12
437,27,CHOCÓ,27025,ALTO BAUDÓ,2018,20.27,14.02
438,27,CHOCÓ,27050,ATRATO,2018,48.07,13.04
439,27,CHOCÓ,27073,BAGADÓ,2018,28.95,21.22
440,27,CHOCÓ,27075,BAHÍA SOLANO,2018,82.15,53.28
441,27,CHOCÓ,27077,BAJO BAUDÓ,2018,36.79,12.23
442,27,CHOCÓ,27099,BOJAYÁ,2018,21.78,5.78
443,27,CHOCÓ,27135,EL CANTÓN DEL SAN PABLO,2018,35.94,43.43
444,27,CHOCÓ,27150,CARMEN DEL DARIÉN,2018,16.7,7.65
445,27,CHOCÓ,27160,CÉRTEGUI,2018,36.46,37.32
446,27,CHOCÓ,27205,CONDOTO,2018,31.93,52.0
447,27,CHOCÓ,27245,EL CARMEN DE ATRATO,2018,62.71,55.79
448,27,CHOCÓ,27250,EL LITORAL DEL SAN JUAN,2018,18.23,3.95
449,27,CHOCÓ,27361,ISTMINA,2018,1.57,9.72
450,27,CHOCÓ,27372,JURADÓ,2018,67.09,47.82
451,27,CHOCÓ,27413,LLORÓ,2018,19.54,22.65
452,27,CHOCÓ,27425,MEDIO ATRATO,2018,5.94,2.49
453,27,CHOCÓ,27430,MEDIO BAUDÓ,2018,17.55,2.47
454,27,CHOCÓ,27450,MEDIO SAN JUAN,2018,14.39,9.32
455,27,CHOCÓ,27491,NÓVITA,2018,36.04,19.77
456,27,CHOCÓ,27495,NUQUÍ,2018,60.9,9.28
457,27,CHOCÓ,27580,RÍO IRÓ,2018,78.79,27.89
458,27,CHOCÓ,27600,RÍO QUITO,2018,32.76,34.54
459,27,CHOCÓ,27615,RIOSUCIO,2018,18.07,14.36
460,27,CHOCÓ,27660,SAN JOSÉ DEL PALMAR,2018,58.32,41.62
461,27,CHOCÓ,27745,SIPÍ,2018,11.56,47.29
462,27,CHOCÓ,27787,TADÓ,2018,36.68,34.82
463,27,CHOCÓ,27800,UNGUÍA,2018,57.52,19.74
464,27,CHOCÓ,27810,UNIÓN PANAMERICANA,2018,20.18,31.9
465,41,HUILA,41000,HUILA,2018,85.13,68.78
466,41,HUILA,41001,NEIVA,2018,96.82,93.76
467,41,HUILA,41006,ACEVEDO,2018,54.74,23.62
468,41,HUILA,41013,AGRADO,2018,75.2,68.61
469,41,HUILA,41016,AIPE,2018,81.57,71.76
470,41,HUILA,41020,ALGECIRAS,2018,76.61,53.7
471,41,HUILA,41026,ALTAMIRA,2018,89.15,70.1
472,41,HUILA,41078,BARAYA,2018,71.33,61.57
473,41,HUILA,41132,CAMPOALEGRE,2018,83.58,76.06
474,41,HUILA,41206,COLOMBIA,2018,62.07,41.4
475,41,HUILA,41244,ELÍAS,2018,88.27,65.59
476,41,HUILA,41298,GARZÓN,2018,89.72,64.82
477,41,HUILA,41306,GIGANTE,2018,83.75,58.82
478,41,HUILA,41319,GUADALUPE,2018,71.64,40.67
479,41,HUILA,41349,HOBO,2018,75.52,73.81
480,41,HUILA,41357,IQUIRA,2018,70.07,58.38
481,41,HUILA,41359,ISNOS,2018,79.21,25.11
482,41,HUILA,41378,LA ARGENTINA,2018,76.54,40.61
483,41,HUILA,41396,LA PLATA,2018,73.46,53.83
484,41,HUILA,41483,NÁTAGA,2018,69.98,45.41
485,41,HUILA,41503,OPORAPA,2018,83.13,38.11
486,41,HUILA,41518,PAICOL,2018,74.5,48.72
487,41,HUILA,41524,PALERMO,2018,78.07,70.56
488,41,HUILA,41530,PALESTINA,2018,69.76,18.77
489,41,HUILA,41548,PITAL,2018,71.4,43.0
490,41,HUILA,41551,PITALITO,2018,85.48,68.5
491,41,HUILA,41615,RIVERA,2018,90.95,75.4
492,41,HUILA,41660,SALADOBLANCO,2018,77.33,35.86
493,41,HUILA,41668,SAN AGUSTÍN,2018,82.55,44.37
494,41,HUILA,41676,SANTA MARÍA,2018,49.34,30.62
495,41,HUILA,41770,SUAZA,2018,60.42,41.61
496,41,HUILA,41791,TARQUI,2018,76.79,55.42
497,41,HUILA,41797,TESALIA,2018,90.01,70.51
498,41,HUILA,41799,TELLO,2018,83.32,58.81
499,41,HUILA,41801,TERUEL,2018,66.48,56.29
500,41,HUILA,41807,TIMANÁ,2018,87.69,51.97
501,41,HUILA,41872,VILLAVIEJA,2018,86.06,79.23
502,41,HUILA,41885,YAGUARÁ,2018,90.86,83.21
503,44,LA GUAJIRA,44000,LA GUAJIRA,2018,46.56,41.87
504,44,LA GUAJIRA,44001,RIOHACHA,2018,69.02,55.16
505,44,LA GUAJIRA,44035,ALBANIA,2018,63.43,56.44
506,44,LA GUAJIRA,44078,BARRANCAS,2018,63.5,67.91
507,44,LA GUAJIRA,44090,DIBULLA,2018,51.84,27.25
508,44,LA GUAJIRA,44098,DISTRACCIÓN,2018,72.13,66.03
509,44,LA GUAJIRA,44110,EL MOLINO,2018,78.68,76.71
510,44,LA GUAJIRA,44279,FONSECA,2018,79.12,79.97
511,44,LA GUAJIRA,44378,HATONUEVO,2018,60.03,60.03
512,44,LA GUAJIRA,44420,LA JAGUA DEL PILAR,2018,76.37,70.76
513,44,LA GUAJIRA,44430,MAICAO,2018,42.14,44.62
514,44,LA GUAJIRA,44560,MANAURE,2018,4.42,5.83
515,44,LA GUAJIRA,44650,SAN JUAN DEL CESAR,2018,72.37,57.08
516,44,LA GUAJIRA,44847,URIBIA,2018,2.53,2.88
517,44,LA GUAJIRA,44855,URUMITA,2018,84.73,82.2
518,44,LA GUAJIRA,44874,VILLANUEVA,2018,91.5,87.46
519,47,MAGDALENA,47000,MAGDALENA,2018,72.33,52.61
520,47,MAGDALENA,47001,SANTA MARTA,2018,78.62,79.26
521,47,MAGDALENA,47030,ALGARROBO,2018,87.16,1.04
522,47,MAGDALENA,47053,ARACATACA,2018,66.7,33.7
523,47,MAGDALENA,47058,ARIGUANÍ,2018,64.82,10.77
524,47,MAGDALENA,47161,CERRO SAN ANTONIO,2018,69.3,1.15
525,47,MAGDALENA,47170,CHIBOLO,2018,65.91,45.29
526,47,MAGDALENA,47189,CIÉNAGA,2018,82.03,62.67
527,47,MAGDALENA,47205,CONCORDIA,2018,84.36,7.94
528,47,MAGDALENA,47245,EL BANCO,2018,55.58,30.04
529,47,MAGDALENA,47258,EL PIÑÓN,2018,73.95,28.38
530,47,MAGDALENA,47268,EL RETÉN,2018,82.98,7.73
531,47,MAGDALENA,47288,FUNDACIÓN,2018,85.71,76.2
532,47,MAGDALENA,47318,GUAMAL,2018,64.8,34.82
533,47,MAGDALENA,47460,NUEVA GRANADA,2018,29.8,50.51
534,47,MAGDALENA,47541,PEDRAZA,2018,79.21,24.6
535,47,MAGDALENA,47545,PIJIÑO DEL CARMEN,2018,70.85,39.53
536,47,MAGDALENA,47551,PIVIJAY,2018,58.6,49.48
537,47,MAGDALENA,47555,PLATO,2018,78.11,27.46
538,47,MAGDALENA,47570,PUEBLOVIEJO,2018,12.43,1.79
539,47,MAGDALENA,47605,REMOLINO,2018,92.29,0.61
540,47,MAGDALENA,47660,SABANAS DE SAN ÁNGEL,2018,55.93,19.55
541,47,MAGDALENA,47675,SALAMINA,2018,91.83,60.92
542,47,MAGDALENA,47692,SAN SEBASTIÁN DE BUENAVISTA,2018,64.8,24.47
543,47,MAGDALENA,47703,SAN ZENÓN,2018,80.66,26.89
544,47,MAGDALENA,47707,SANTA ANA,2018,73.37,44.05
545,47,MAGDALENA,47720,SANTA BÁRBARA DE PINTO,2018,78.11,29.48
546,47,MAGDALENA,47745,SITIONUEVO,2018,47.99,1.16
547,47,MAGDALENA,47798,TENERIFE,2018,62.93,35.99
548,47,MAGDALENA,47960,ZAPAYÁN,2018,75.76,1.06
549,47,MAGDALENA,47980,ZONA BANANERA,2018,49.1,1.07
550,50,META,50000,META,2018,79.03,78.34
551,50,META,50001,VILLAVICENCIO,2018,92.27,90.86
552,50,META,50006,ACACÍAS,2018,91.89,85.41
553,50,META,50110,BARRANCA DE UPÍA,2018,79.67,73.98
554,50,META,50124,CABUYARO,2018,77.1,71.97
555,50,META,50150,CASTILLA LA NUEVA,2018,89.79,69.96
556,50,META,50223,CUBARRAL,2018,85.71,69.12
557,50,META,50226,CUMARAL,2018,77.1,78.35
558,50,META,50245,EL CALVARIO,2018,72.66,48.63
559,50,META,50251,EL CASTILLO,2018,63.2,51.77
560,50,META,50270,EL DORADO,2018,86.07,57.67
561,50,META,50287,FUENTE DE ORO,2018,56.37,70.5
562,50,META,50313,GRANADA,2018,54.65,83.1
563,50,META,50318,GUAMAL,2018,95.85,66.31
564,50,META,50325,MAPIRIPÁN,2018,36.44,31.55
565,50,META,50330,MESETAS,2018,58.58,46.83
566,50,META,50350,LA MACARENA,2018,16.35,22.01
567,50,META,50370,URIBE,2018,21.16,31.27
568,50,META,50400,LEJANÍAS,2018,70.8,45.47
569,50,META,50450,PUERTO CONCORDIA,2018,36.68,41.46
570,50,META,50568,PUERTO GAITÁN,2018,45.37,45.17
571,50,META,50573,PUERTO LÓPEZ,2018,78.75,74.9
572,50,META,50577,PUERTO LLERAS,2018,27.77,32.48
573,50,META,50590,PUERTO RICO,2018,32.09,48.35
574,50,META,50606,RESTREPO,2018,82.81,69.63
575,50,META,50680,SAN CARLOS DE GUAROA,2018,83.17,88.31
576,50,META,50683,SAN JUAN DE ARAMA,2018,57.49,49.3
577,50,META,50686,SAN JUANITO,2018,65.62,56.16
578,50,META,50689,SAN MARTÍN,2018,80.34,76.84
579,50,META,50711,VISTAHERMOSA,2018,54.83,41.57
580,52,NARIÑO,52000,NARIÑO,2018,72.4,48.58
581,52,NARIÑO,52001,PASTO,2018,98.38,89.76
582,52,NARIÑO,52019,ALBÁN,2018,73.28,39.56
583,52,NARIÑO,52022,ALDANA,2018,82.62,44.78
584,52,NARIÑO,52036,ANCUYÁ,2018,96.62,30.71
585,52,NARIÑO,52051,ARBOLEDA,2018,67.06,24.57
586,52,NARIÑO,52079,BARBACOAS,2018,9.7,9.97
587,52,NARIÑO,52083,BELÉN,2018,91.21,60.4
588,52,NARIÑO,52110,BUESACO,2018,68.04,41.26
589,52,NARIÑO,52203,COLÓN,2018,76.79,27.85
590,52,NARIÑO,52207,CONSACÁ,2018,93.13,36.74
591,52,NARIÑO,52210,CONTADERO,2018,88.36,22.68
592,52,NARIÑO,52215,CÓRDOBA,2018,89.71,23.33
593,52,NARIÑO,52224,CUASPUD,2018,49.53,28.38
594,52,NARIÑO,52227,CUMBAL,2018,85.1,39.48
595,52,NARIÑO,52233,CUMBITARA,2018,83.8,51.34
596,52,NARIÑO,52240,CHACHAGÜÍ,2018,90.09,45.39
597,52,NARIÑO,52250,EL CHARCO,2018,15.61,2.68
598,52,NARIÑO,52254,EL PEÑOL,2018,62.17,26.04
599,52,NARIÑO,52256,EL ROSARIO,2018,75.98,36.88
600,52,NARIÑO,52258,EL TABLÓN DE GÓMEZ,2018,55.3,30.04
601,52,NARIÑO,52260,EL TAMBO,2018,84.22,38.06
602,52,NARIÑO,52287,FUNES,2018,83.99,47.03
603,52,NARIÑO,52317,GUACHUCAL,2018,90.7,39.4
604,52,NARIÑO,52320,GUAITARILLA,2018,96.65,40.52
605,52,NARIÑO,52323,GUALMATÁN,2018,90.23,60.97
606,52,NARIÑO,52352,ILES,2018,85.4,26.26
607,52,NARIÑO,52354,IMUÉS,2018,74.31,44.62
608,52,NARIÑO,52356,IPIALES,2018,84.69,71.71
609,52,NARIÑO,52378,LA CRUZ,2018,96.0,50.76
610,52,NARIÑO,52381,LA FLORIDA,2018,91.98,27.62
611,52,NARIÑO,52385,LA LLANADA,2018,73.19,56.57
612,52,NARIÑO,52390,LA TOLA,2018,0.54,0.34
613,52,NARIÑO,52399,LA UNIÓN,2018,48.88,41.14
614,52,NARIÑO,52405,LEIVA,2018,52.6,34.03
615,52,NARIÑO,52411,LINARES,2018,92.64,34.59
616,52,NARIÑO,52418,LOS ANDES,2018,84.49,52.22
617,52,NARIÑO,52427,MAGÜI,2018,2.4,4.77
618,52,NARIÑO,52435,MALLAMA,2018,75.84,32.78
619,52,NARIÑO,52473,MOSQUERA,2018,1.32,0.9
620,52,NARIÑO,52480,NARIÑO,2018,94.01,63.38
621,52,NARIÑO,52490,OLAYA HERRERA,2018,7.96,2.12
622,52,NARIÑO,52506,OSPINA,2018,96.04,38.87
623,52,NARIÑO,52520,FRANCISCO PIZARRO,2018,32.19,1.17
624,52,NARIÑO,52540,POLICARPA,2018,79.87,55.38
625,52,NARIÑO,52560,POTOSÍ,2018,98.32,26.53
626,52,NARIÑO,52565,PROVIDENCIA,2018,71.81,26.5
627,52,NARIÑO,52573,PUERRES,2018,88.61,57.79
628,52,NARIÑO,52585,PUPIALES,2018,88.02,40.52
629,52,NARIÑO,52612,RICAURTE,2018,27.98,12.77
630,52,NARIÑO,52621,ROBERTO PAYÁN,2018,8.71,10.08
631,52,NARIÑO,52678,SAMANIEGO,2018,72.96,34.35
632,52,NARIÑO,52683,SANDONÁ,2018,97.84,60.13
633,52,NARIÑO,52685,SAN BERNARDO,2018,58.55,40.79
634,52,NARIÑO,52687,SAN LORENZO,2018,57.47,23.54
635,52,NARIÑO,52693,SAN PABLO,2018,42.44,36.57
636,52,NARIÑO,52694,SAN PEDRO DE CARTAGO,2018,31.01,12.64
637,52,NARIÑO,52696,SANTA BÁRBARA,2018,4.73,1.1
638,52,NARIÑO,52699,SANTACRUZ,2018,48.97,17.23
639,52,NARIÑO,52720,SAPUYES,2018,89.48,42.99
640,52,NARIÑO,52786,TAMINANGO,2018,78.83,45.7
641,52,NARIÑO,52788,TANGUA,2018,87.9,31.99
642,52,NARIÑO,52835,SAN ANDRÉS DE TUMACO,2018,31.72,5.46
643,52,NARIÑO,52838,TÚQUERRES,2018,77.46,48.78
644,52,NARIÑO,52885,YACUANQUER,2018,84.7,43.96
645,54,NORTE DE SANTANDER,54000,NORTE DE SANTANDER,2018,83.24,79.28
646,54,NORTE DE SANTANDER,54001,CÚCUTA,2018,94.79,92.67
647,54,NORTE DE SANTANDER,54003,ÁBREGO,2018,63.24,54.01
648,54,NORTE DE SANTANDER,54051,ARBOLEDAS,2018,49.04,28.57
649,54,NORTE DE SANTANDER,54099,BOCHALEMA,2018,76.71,71.85
650,54,NORTE DE SANTANDER,54109,BUCARASICA,2018,38.21,14.37
651,54,NORTE DE SANTANDER,54125,CÁCOTA,2018,40.49,33.97
652,54,NORTE DE SANTANDER,54128,CACHIRÁ,2018,33.31,30.84
653,54,NORTE DE SANTANDER,54172,CHINÁCOTA,2018,81.14,67.04
654,54,NORTE DE SANTANDER,54174,CHITAGÁ,2018,62.15,48.98
655,54,NORTE DE SANTANDER,54206,CONVENCIÓN,2018,48.24,40.41
656,54,NORTE DE SANTANDER,54223,CUCUTILLA,2018,21.13,17.21
657,54,NORTE DE SANTANDER,54239,DURANIA,2018,55.1,51.59
658,54,NORTE DE SANTANDER,54245,EL CARMEN,2018,42.61,38.62
659,54,NORTE DE SANTANDER,54250,EL TARRA,2018,54.78,34.39
660,54,NORTE DE SANTANDER,54261,EL ZULIA,2018,84.61,68.11
661,54,NORTE DE SANTANDER,54313,GRAMALOTE,2018,56.08,43.13
662,54,NORTE DE SANTANDER,54344,HACARÍ,2018,24.78,14.37
663,54,NORTE DE SANTANDER,54347,HERRÁN,2018,29.62,28.38
664,54,NORTE DE SANTANDER,54377,LABATECA,2018,73.52,31.45
665,54,NORTE DE SANTANDER,54385,LA ESPERANZA,2018,52.63,44.35
666,54,NORTE DE SANTANDER,54398,LA PLAYA,2018,29.78,23.28
667,54,NORTE DE SANTANDER,54405,LOS PATIOS,2018,95.79,93.68
668,54,NORTE DE SANTANDER,54418,LOURDES,2018,69.93,56.09
669,54,NORTE DE SANTANDER,54480,MUTISCUA,2018,46.96,28.39
670,54,NORTE DE SANTANDER,54498,OCAÑA,2018,92.33,87.34
671,54,NORTE DE SANTANDER,54518,PAMPLONA,2018,91.97,91.82
672,54,NORTE DE SANTANDER,54520,PAMPLONITA,2018,48.46,32.52
673,54,NORTE DE SANTANDER,54553,PUERTO SANTANDER,2018,90.07,89.09
674,54,NORTE DE SANTANDER,54599,RAGONVALIA,2018,55.09,50.36
675,54,NORTE DE SANTANDER,54660,SALAZAR,2018,76.14,49.48
676,54,NORTE DE SANTANDER,54670,SAN CALIXTO,2018,45.32,22.74
677,54,NORTE DE SANTANDER,54673,SAN CAYETANO,2018,84.7,73.29
678,54,NORTE DE SANTANDER,54680,SANTIAGO,2018,68.81,57.28
679,54,NORTE DE SANTANDER,54720,SARDINATA,2018,58.79,55.36
680,54,NORTE DE SANTANDER,54743,SILOS,2018,47.72,42.87
681,54,NORTE DE SANTANDER,54800,TEORAMA,2018,40.98,35.63
682,54,NORTE DE SANTANDER,54810,TIBÚ,2018,51.38,45.97
683,54,NORTE DE SANTANDER,54820,TOLEDO,2018,55.66,42.24
684,54,NORTE DE SANTANDER,54871,VILLA CARO,2018,54.82,46.57
685,54,NORTE DE SANTANDER,54874,VILLA DEL ROSARIO,2018,84.88,93.43
686,63,QUINDÍO,63000,QUINDÍO,2018,97.16,91.05
687,63,QUINDÍO,63001,ARMENIA,2018,98.88,96.17
688,63,QUINDÍO,63111,BUENAVISTA,2018,80.46,72.08
689,63,QUINDÍO,63130,CALARCÁ,2018,96.3,91.07
690,63,QUINDÍO,63190,CIRCASIA,2018,98.48,78.91
691,63,QUINDÍO,63212,CÓRDOBA,2018,89.13,61.23
692,63,QUINDÍO,63272,FILANDIA,2018,96.43,62.01
693,63,QUINDÍO,63302,GÉNOVA,2018,66.16,63.17
694,63,QUINDÍO,63401,LA TEBAIDA,2018,97.07,92.54
695,63,QUINDÍO,63470,MONTENEGRO,2018,98.24,91.5
696,63,QUINDÍO,63548,PIJAO,2018,72.2,66.43
697,63,QUINDÍO,63594,QUIMBAYA,2018,99.22,89.0
698,63,QUINDÍO,63690,SALENTO,2018,83.0,61.95
699,66,RISARALDA,66000,RISARALDA,2018,93.94,87.98
700,66,RISARALDA,66001,PEREIRA,2018,98.46,93.4
701,66,RISARALDA,66045,APÍA,2018,81.99,71.49
702,66,RISARALDA,66075,BALBOA,2018,65.37,57.18
703,66,RISARALDA,66088,BELÉN DE UMBRÍA,2018,84.78,71.75
704,66,RISARALDA,66170,DOSQUEBRADAS,2018,96.91,96.1
705,66,RISARALDA,66318,GUÁTICA,2018,82.2,56.37
706,66,RISARALDA,66383,LA CELIA,2018,67.32,53.07
707,66,RISARALDA,66400,LA VIRGINIA,2018,99.36,99.44
708,66,RISARALDA,66440,MARSELLA,2018,79.25,64.14
709,66,RISARALDA,66456,MISTRATÓ,2018,55.99,39.35
710,66,RISARALDA,66572,PUEBLO RICO,2018,35.92,31.72
711,66,RISARALDA,66594,QUINCHÍA,2018,84.27,42.68
712,66,RISARALDA,66682,SANTA ROSA DE CABAL,2018,92.91,88.62
713,66,RISARALDA,66687,SANTUARIO,2018,78.98,65.69
714,68,SANTANDER,68000,SANTANDER,2018,84.86,75.79
715,68,SANTANDER,68001,BUCARAMANGA,2018,94.32,94.62
716,68,SANTANDER,68013,AGUADA,2018,94.9,19.16
717,68,SANTANDER,68020,ALBANIA,2018,72.39,14.36
718,68,SANTANDER,68051,ARATOCA,2018,49.78,35.36
719,68,SANTANDER,68077,BARBOSA,2018,94.18,83.81
720,68,SANTANDER,68079,BARICHARA,2018,82.09,45.49
721,68,SANTANDER,68081,BARRANCABERMEJA,2018,93.02,79.58
722,68,SANTANDER,68092,BETULIA,2018,63.9,56.31
723,68,SANTANDER,68101,BOLÍVAR,2018,70.68,18.4
724,68,SANTANDER,68121,CABRERA,2018,85.28,22.18
725,68,SANTANDER,68132,CALIFORNIA,2018,56.8,49.72
726,68,SANTANDER,68147,CAPITANEJO,2018,76.35,59.47
727,68,SANTANDER,68152,CARCASÍ,2018,45.13,20.61
728,68,SANTANDER,68160,CEPITÁ,2018,81.72,27.42
729,68,SANTANDER,68162,CERRITO,2018,56.91,49.06
730,68,SANTANDER,68167,CHARALÁ,2018,91.86,61.62
731,68,SANTANDER,68169,CHARTA,2018,39.65,26.76
732,68,SANTANDER,68176,CHIMA,2018,75.94,31.8
733,68,SANTANDER,68179,CHIPATÁ,2018,71.79,13.88
734,68,SANTANDER,68190,CIMITARRA,2018,75.23,71.3
735,68,SANTANDER,68207,CONCEPCIÓN,2018,69.67,49.62
736,68,SANTANDER,68209,CONFINES,2018,62.74,23.47
737,68,SANTANDER,68211,CONTRATACIÓN,2018,83.45,76.27
738,68,SANTANDER,68217,COROMORO,2018,64.11,22.31
739,68,SANTANDER,68229,CURITÍ,2018,86.71,43.75
740,68,SANTANDER,68235,EL CARMEN DE CHUCURÍ,2018,35.01,17.45
741,68,SANTANDER,68245,EL GUACAMAYO,2018,58.39,43.96
742,68,SANTANDER,68250,EL PEÑÓN,2018,53.62,22.9
743,68,SANTANDER,68255,EL PLAYÓN,2018,55.58,54.73
744,68,SANTANDER,68264,ENCINO,2018,82.03,22.5
745,68,SANTANDER,68266,ENCISO,2018,80.39,28.24
746,68,SANTANDER,68271,FLORIÁN,2018,63.11,29.01
747,68,SANTANDER,68276,FLORIDABLANCA,2018,96.16,94.9
748,68,SANTANDER,68296,GALÁN,2018,75.46,31.77
749,68,SANTANDER,68298,GÁMBITA,2018,38.51,21.91
750,68,SANTANDER,68307,GIRÓN,2018,86.09,85.64
751,68,SANTANDER,68318,GUACA,2018,64.81,41.19
752,68,SANTANDER,68320,GUADALUPE,2018,61.97,37.27
753,68,SANTANDER,68322,GUAPOTÁ,2018,85.14,28.57
754,68,SANTANDER,68324,GUAVATÁ,2018,45.12,25.53
755,68,SANTANDER,68327,GÜEPSA,2018,82.2,61.72
756,68,SANTANDER,68344,HATO,2018,74.7,28.89
757,68,SANTANDER,68368,JESÚS MARÍA,2018,84.79,22.07
758,68,SANTANDER,68370,JORDÁN,2018,46.58,9.32
759,68,SANTANDER,68377,LA BELLEZA,2018,65.77,27.35
760,68,SANTANDER,68385,LANDÁZURI,2018,47.74,43.22
761,68,SANTANDER,68397,LA PAZ,2018,70.11,18.65
762,68,SANTANDER,68406,LEBRIJA,2018,60.57,47.35
763,68,SANTANDER,68418,LOS SANTOS,2018,24.19,14.07
764,68,SANTANDER,68425,MACARAVITA,2018,38.24,17.41
765,68,SANTANDER,68432,MÁLAGA,2018,88.31,86.72
766,68,SANTANDER,68444,MATANZA,2018,58.44,35.46
767,68,SANTANDER,68464,MOGOTES,2018,65.18,41.35
768,68,SANTANDER,68468,MOLAGAVITA,2018,21.39,17.74
769,68,SANTANDER,68498,OCAMONTE,2018,74.07,18.48
770,68,SANTANDER,68500,OIBA,2018,74.44,45.84
771,68,SANTANDER,68502,ONZAGA,2018,32.23,30.98
772,68,SANTANDER,68522,PALMAR,2018,100.0,44.17
773,68,SANTANDER,68524,PALMAS DEL SOCORRO,2018,78.78,31.64
774,68,SANTANDER,68533,PÁRAMO,2018,75.66,29.61
775,68,SANTANDER,68547,PIEDECUESTA,2018,88.49,81.02
776,68,SANTANDER,68549,PINCHOTE,2018,86.73,34.27
777,68,SANTANDER,68572,PUENTE NACIONAL,2018,76.08,39.63
778,68,SANTANDER,68573,PUERTO PARRA,2018,72.96,65.13
779,68,SANTANDER,68575,PUERTO WILCHES,2018,67.64,62.85
780,68,SANTANDER,68615,RIONEGRO,2018,56.75,39.54
781,68,SANTANDER,68655,SABANA DE TORRES,2018,73.12,65.25
782,68,SANTANDER,68669,SAN ANDRÉS,2018,66.47,40.37
783,68,SANTANDER,68673,SAN BENITO,2018,36.38,12.68
784,68,SANTANDER,68679,SAN GIL,2018,95.18,88.58
785,68,SANTANDER,68682,SAN JOAQUÍN,2018,52.09,36.35
786,68,SANTANDER,68684,SAN JOSÉ DE MIRANDA,2018,48.3,28.85
787,68,SANTANDER,68686,SAN MIGUEL,2018,83.61,25.54
788,68,SANTANDER,68689,SAN VICENTE DE CHUCURÍ,2018,74.63,42.55
789,68,SANTANDER,68705,SANTA BÁRBARA,2018,31.28,25.56
790,68,SANTANDER,68720,SANTA HELENA DEL OPÓN,2018,63.72,45.76
791,68,SANTANDER,68745,SIMACOTA,2018,56.42,28.96
792,68,SANTANDER,68755,SOCORRO,2018,93.98,82.84
793,68,SANTANDER,68770,SUAITA,2018,62.57,36.58
794,68,SANTANDER,68773,SUCRE,2018,59.14,25.55
795,68,SANTANDER,68780,SURATÁ,2018,39.4,30.81
796,68,SANTANDER,68820,TONA,2018,40.66,25.75
797,68,SANTANDER,68855,VALLE DE SAN JOSÉ,2018,61.71,41.93
798,68,SANTANDER,68861,VÉLEZ,2018,73.04,60.62
799,68,SANTANDER,68867,VETAS,2018,63.64,37.29
800,68,SANTANDER,68872,VILLANUEVA,2018,94.22,66.94
801,68,SANTANDER,68895,ZAPATOCA,2018,81.11,71.17
802,70,SUCRE,70000,SUCRE,2018,85.19,56.38
803,70,SUCRE,70001,SINCELEJO,2018,90.86,87.34
804,70,SUCRE,70110,BUENAVISTA,2018,87.21,75.19
805,70,SUCRE,70124,CAIMITO,2018,90.34,28.02
806,70,SUCRE,70204,COLOSÓ,2018,78.75,42.41
807,70,SUCRE,70215,COROZAL,2018,95.06,78.62
808,70,SUCRE,70221,COVEÑAS,2018,60.25,28.75
809,70,SUCRE,70230,CHALÁN,2018,89.3,57.64
810,70,SUCRE,70233,EL ROBLE,2018,91.21,58.37
811,70,SUCRE,70235,GALERAS,2018,81.26,55.52
812,70,SUCRE,70265,GUARANDA,2018,49.22,6.93
813,70,SUCRE,70400,LA UNIÓN,2018,90.58,41.35
814,70,SUCRE,70418,LOS PALMITOS,2018,94.66,44.17
815,70,SUCRE,70429,MAJAGUAL,2018,82.33,6.35
816,70,SUCRE,70473,MORROA,2018,81.34,65.06
817,70,SUCRE,70508,OVEJAS,2018,75.81,51.16
818,70,SUCRE,70523,PALMITO,2018,44.57,36.67
819,70,SUCRE,70670,SAMPUÉS,2018,77.16,53.82
820,70,SUCRE,70678,SAN BENITO ABAD,2018,86.08,2.89
821,70,SUCRE,70702,SAN JUAN DE BETULIA,2018,85.2,62.46
822,70,SUCRE,70708,SAN MARCOS,2018,90.53,4.53
823,70,SUCRE,70713,SAN ONOFRE,2018,75.64,21.07
824,70,SUCRE,70717,SAN PEDRO,2018,85.73,73.52
825,70,SUCRE,70742,SAN LUIS DE SINCÉ,2018,86.08,74.26
826,70,SUCRE,70771,SUCRE,2018,86.75,1.05
827,70,SUCRE,70820,SANTIAGO DE TOLÚ,2018,79.79,54.1
828,70,SUCRE,70823,TOLÚ VIEJO,2018,72.79,57.48
829,73,TOLIMA,73000,TOLIMA,2018,84.88,74.01
830,73,TOLIMA,73001,IBAGUÉ,2018,96.36,94.09
831,73,TOLIMA,73024,ALPUJARRA,2018,88.66,61.61
832,73,TOLIMA,73026,ALVARADO,2018,83.91,52.24
833,73,TOLIMA,73030,AMBALEMA,2018,94.26,85.99
834,73,TOLIMA,73043,ANZOÁTEGUI,2018,65.01,26.54
835,73,TOLIMA,73055,ARMERO,2018,92.69,77.09
836,73,TOLIMA,73067,ATACO,2018,38.79,33.03
837,73,TOLIMA,73124,CAJAMARCA,2018,69.06,60.73
838,73,TOLIMA,73148,CARMEN DE APICALÁ,2018,95.36,76.13
839,73,TOLIMA,73152,CASABIANCA,2018,68.98,34.91
840,73,TOLIMA,73168,CHAPARRAL,2018,73.12,60.59
841,73,TOLIMA,73200,COELLO,2018,83.29,39.52
842,73,TOLIMA,73217,COYAIMA,2018,35.53,19.09
843,73,TOLIMA,73226,CUNDAY,2018,70.26,46.52
844,73,TOLIMA,73236,DOLORES,2018,78.76,43.52
845,73,TOLIMA,73268,ESPINAL,2018,89.37,80.39
846,73,TOLIMA,73270,FALAN,2018,79.12,29.99
847,73,TOLIMA,73275,FLANDES,2018,93.55,87.6
848,73,TOLIMA,73283,FRESNO,2018,69.78,57.28
849,73,TOLIMA,73319,GUAMO,2018,68.08,50.37
850,73,TOLIMA,73347,HERVEO,2018,55.31,50.74
851,73,TOLIMA,73349,HONDA,2018,95.99,91.57
852,73,TOLIMA,73352,ICONONZO,2018,69.4,34.5
853,73,TOLIMA,73408,LÉRIDA,2018,92.71,88.2
854,73,TOLIMA,73411,LÍBANO,2018,80.84,68.46
855,73,TOLIMA,73443,SAN SEBASTIÁN DE MARIQUITA,2018,86.23,77.21
856,73,TOLIMA,73449,MELGAR,2018,93.34,80.48
857,73,TOLIMA,73461,MURILLO,2018,59.14,54.66
858,73,TOLIMA,73483,NATAGAIMA,2018,93.04,50.5
859,73,TOLIMA,73504,ORTEGA,2018,67.81,28.06
860,73,TOLIMA,73520,PALOCABILDO,2018,73.7,36.27
861,73,TOLIMA,73547,PIEDRAS,2018,92.02,59.42
862,73,TOLIMA,73555,PLANADAS,2018,52.91,42.21
863,73,TOLIMA,73563,PRADO,2018,85.43,46.36
864,73,TOLIMA,73585,PURIFICACIÓN,2018,89.33,62.89
865,73,TOLIMA,73616,RIOBLANCO,2018,52.56,36.13
866,73,TOLIMA,73622,RONCESVALLES,2018,46.18,43.52
867,73,TOLIMA,73624,ROVIRA,2018,65.9,54.67
868,73,TOLIMA,73671,SALDAÑA,2018,66.31,61.47
869,73,TOLIMA,73675,SAN ANTONIO,2018,69.34,46.31
870,73,TOLIMA,73678,SAN LUIS,2018,76.03,50.49
871,73,TOLIMA,73686,SANTA ISABEL,2018,56.45,47.28
872,73,TOLIMA,73770,SUÁREZ,2018,94.2,39.02
873,73,TOLIMA,73854,VALLE DE SAN JUAN,2018,72.27,42.72
874,73,TOLIMA,73861,VENADILLO,2018,89.07,71.69
875,73,TOLIMA,73870,VILLAHERMOSA,2018,49.11,36.42
876,73,TOLIMA,73873,VILLARRICA,2018,71.69,39.87
877,76,VALLE DEL CAUCA,76000,VALLE DEL CAUCA,2018,95.35,90.91
878,76,VALLE DEL CAUCA,76001,CALI,2018,98.98,97.8
879,76,VALLE DEL CAUCA,76020,ALCALÁ,2018,92.68,74.98
880,76,VALLE DEL CAUCA,76036,ANDALUCÍA,2018,96.16,78.52
881,76,VALLE DEL CAUCA,76041,ANSERMANUEVO,2018,78.05,74.8
882,76,VALLE DEL CAUCA,76054,ARGELIA,2018,76.1,58.66
883,76,VALLE DEL CAUCA,76100,BOLÍVAR,2018,84.77,66.73
884,76,VALLE DEL CAUCA,76109,BUENAVENTURA,2018,73.17,60.96
885,76,VALLE DEL CAUCA,76111,GUADALAJARA DE BUGA,2018,98.19,94.37
886,76,VALLE DEL CAUCA,76113,BUGALAGRANDE,2018,88.08,78.44
887,76,VALLE DEL CAUCA,76122,CAICEDONIA,2018,90.8,85.51
888,76,VALLE DEL CAUCA,76126,CALIMA,2018,85.35,69.93
889,76,VALLE DEL CAUCA,76130,CANDELARIA,2018,91.7,89.19
890,76,VALLE DEL CAUCA,76147,CARTAGO,2018,98.18,97.49
891,76,VALLE DEL CAUCA,76233,DAGUA,2018,81.88,44.73
892,76,VALLE DEL CAUCA,76243,EL ÁGUILA,2018,72.11,58.88
893,76,VALLE DEL CAUCA,76246,EL CAIRO,2018,75.49,61.57
894,76,VALLE DEL CAUCA,76248,EL CERRITO,2018,96.92,91.07
895,76,VALLE DEL CAUCA,76250,EL DOVIO,2018,81.14,70.16
896,76,VALLE DEL CAUCA,76275,FLORIDA,2018,94.38,88.47
897,76,VALLE DEL CAUCA,76306,GINEBRA,2018,89.04,77.91
898,76,VALLE DEL CAUCA,76318,GUACARÍ,2018,96.96,88.23
899,76,VALLE DEL CAUCA,76364,JAMUNDÍ,2018,95.05,87.37
900,76,VALLE DEL CAUCA,76377,LA CUMBRE,2018,86.85,37.12
901,76,VALLE DEL CAUCA,76400,LA UNIÓN,2018,95.39,91.63
902,76,VALLE DEL CAUCA,76403,LA VICTORIA,2018,91.11,89.36
903,76,VALLE DEL CAUCA,76497,OBANDO,2018,94.13,94.3
904,76,VALLE DEL CAUCA,76520,PALMIRA,2018,97.89,94.45
905,76,VALLE DEL CAUCA,76563,PRADERA,2018,93.08,87.41
906,76,VALLE DEL CAUCA,76606,RESTREPO,2018,92.62,71.55
907,76,VALLE DEL CAUCA,76616,RIOFRÍO,2018,84.87,69.7
908,76,VALLE DEL CAUCA,76622,ROLDANILLO,2018,95.26,84.72
909,76,VALLE DEL CAUCA,76670,SAN PEDRO,2018,91.98,84.47
910,76,VALLE DEL CAUCA,76736,SEVILLA,2018,88.47,81.1
911,76,VALLE DEL CAUCA,76823,TORO,2018,86.98,71.84
912,76,VALLE DEL CAUCA,76828,TRUJILLO,2018,82.29,67.82
913,76,VALLE DEL CAUCA,76834,TULUÁ,2018,97.58,95.73
914,76,VALLE DEL CAUCA,76845,ULLOA,2018,92.21,65.91
915,76,VALLE DEL CAUCA,76863,VERSALLES,2018,84.18,70.06
916,76,VALLE DEL CAUCA,76869,VIJES,2018,92.26,73.51
917,76,VALLE DEL CAUCA,76890,YOTOCO,2018,89.05,67.65
918,76,VALLE DEL CAUCA,76892,YUMBO,2018,95.23,88.17
919,76,VALLE DEL CAUCA,76895,ZARZAL,2018,97.31,94.8
920,81,ARAUCA,81000,ARAUCA,2018,72.86,57.57
921,81,ARAUCA,81001,ARAUCA,2018,76.54,73.81
922,81,ARAUCA,81065,ARAUQUITA,2018,50.44,33.87
923,81,ARAUCA,81220,CRAVO NORTE,2018,67.64,64.46
924,81,ARAUCA,81300,FORTUL,2018,73.72,39.41
925,81,ARAUCA,81591,PUERTO RONDÓN,2018,65.91,58.36
926,81,ARAUCA,81736,SARAVENA,2018,87.98,57.48
927,81,ARAUCA,81794,TAME,2018,70.15,61.41
928,85,CASANARE,85000,CASANARE,2018,79.87,73.1
929,85,CASANARE,85001,YOPAL,2018,89.13,84.01
930,85,CASANARE,85010,AGUAZUL,2018,80.32,77.38
931,85,CASANARE,85015,CHÁMEZA,2018,65.17,63.93
932,85,CASANARE,85125,HATO COROZAL,2018,53.61,40.41
933,85,CASANARE,85136,LA SALINA,2018,56.68,51.23
934,85,CASANARE,85139,MANÍ,2018,55.73,72.79
935,85,CASANARE,85162,MONTERREY,2018,89.5,76.17
936,85,CASANARE,85225,NUNCHÍA,2018,46.03,27.31
937,85,CASANARE,85230,OROCUÉ,2018,75.37,72.34
938,85,CASANARE,85250,PAZ DE ARIPORO,2018,77.06,65.8
939,85,CASANARE,85263,PORE,2018,74.41,62.72
940,85,CASANARE,85279,RECETOR,2018,21.41,25.06
941,85,CASANARE,85300,SABANALARGA,2018,72.28,67.11
942,85,CASANARE,85315,SÁCAMA,2018,73.82,59.32
943,85,CASANARE,85325,SAN LUIS DE PALENQUE,2018,53.32,39.02
944,85,CASANARE,85400,TÁMARA,2018,26.06,23.59
945,85,CASANARE,85410,TAURAMENA,2018,84.6,71.24
946,85,CASANARE,85430,TRINIDAD,2018,63.93,61.21
947,85,CASANARE,85440,VILLANUEVA,2018,82.6,69.89
948,86,PUTUMAYO,86000,PUTUMAYO,2018,51.71,54.53
949,86,PUTUMAYO,86001,MOCOA,2018,91.25,72.27
950,86,PUTUMAYO,86219,COLÓN,2018,95.79,90.61
951,86,PUTUMAYO,86320,ORITO,2018,49.37,44.66
952,86,PUTUMAYO,86568,PUERTO ASÍS,2018,17.43,51.66
953,86,PUTUMAYO,86569,PUERTO CAICEDO,2018,46.29,49.24
954,86,PUTUMAYO,86571,PUERTO GUZMÁN,2018,38.99,26.4
955,86,PUTUMAYO,86573,PUERTO LEGUÍZAMO,2018,58.35,47.0
956,86,PUTUMAYO,86749,SIBUNDOY,2018,97.43,77.63
957,86,PUTUMAYO,86755,SAN FRANCISCO,2018,92.93,67.55
958,86,PUTUMAYO,86757,SAN MIGUEL,2018,4.73,33.94
959,86,PUTUMAYO,86760,SANTIAGO,2018,94.9,60.06
960,86,PUTUMAYO,86865,VALLE DEL GUAMUEZ,2018,19.72,47.76
961,86,PUTUMAYO,86885,VILLAGARZÓN,2018,76.26,63.01
962,88,SAN ANDRÉS Y PROVIDENCIA,88000,SAN ANDRÉS Y PROVIDENCIA,2018,36.67,16.59
963,88,SAN ANDRÉS Y PROVIDENCIA,88564,PROVIDENCIA,2018,88.71,5.73
964,91,AMAZONAS,91000,AMAZONAS,2018,38.66,33.98
965,91,AMAZONAS,91001,LETICIA,2018,48.18,43.86
966,91,AMAZONAS,91540,PUERTO NARIÑO,2018,28.22,17.5
967,94,GUAINÍA,94000,GUAINÍA,2018,21.86,27.99
968,94,GUAINÍA,94001,INÍRIDA,2018,26.63,34.27
969,94,GUAINÍA,94343,BARRANCOMINAS,2018,11.02,16.43
970,95,GUAVIARE,95000,GUAVIARE,2018,45.29,46.31
971,95,GUAVIARE,95001,SAN JOSÉ DEL GUAVIARE,2018,52.34,57.59
972,95,GUAVIARE,95015,CALAMAR,2018,23.54,24.39
973,95,GUAVIARE,95025,EL RETORNO,2018,39.83,34.75
974,95,GUAVIARE,95200,MIRAFLORES,2018,28.32,2.88
975,97,VAUPÉS,97000,VAUPÉS,2018,35.04,31.1
976,97,VAUPÉS,97001,MITÚ,2018,39.05,34.93
977,97,VAUPÉS,97161,CARURÚ,2018,41.21,40.2
978,97,VAUPÉS,97666,TARAIRA,2018,31.65,28.1
979,99,VICHADA,99000,VICHADA,2018,36.76,6.44
980,99,VICHADA,99001,PUERTO CARREÑO,2018,59.44,10.04
981,99,VICHADA,99524,LA PRIMAVERA,2018,64.57,5.01
982,99,VICHADA,99624,SANTA ROSALÍA,2018,67.32,1.66
983,99,VICHADA,99773,CUMARIBO,2018,10.97,5.09
984,01,COLOMBIA,01001,COLOMBIA,2018,86.38,76.57
985,05,ANTIOQUIA,05000,ANTIOQUIA,2018,90.06,82.62
986,05,ANTIOQUIA,05001,MEDELLÍN,2018,98.39,97.15
987,05,ANTIOQUIA,05002,ABEJORRAL,2018,68.63,43.64
988,05,ANTIOQUIA,05004,ABRIAQUÍ,2018,65.58,50.95
989,05,ANTIOQUIA,05021,ALEJANDRÍA,2018,73.16,58.5
990,05,ANTIOQUIA,05030,AMAGÁ,2018,95.58,92.75
991,05,ANTIOQUIA,05031,AMALFI,2018,59.01,56.54
992,05,ANTIOQUIA,05034,ANDES,2018,68.06,54.21
993,05,ANTIOQUIA,05036,ANGELÓPOLIS,2018,88.58,64.28
994,05,ANTIOQUIA,05038,ANGOSTURA,2018,74.38,24.38
995,05,ANTIOQUIA,05040,ANORÍ,2018,52.1,40.0
996,05,ANTIOQUIA,05042,SANTAFÉ DE ANTIOQUIA,2018,90.73,72.66
997,05,ANTIOQUIA,05044,ANZÁ,2018,74.48,34.35
998,05,ANTIOQUIA,05045,APARTADÓ,2018,92.08,88.66
999,05,ANTIOQUIA,05051,ARBOLETES,2018,59.71,35.54
1000,05,ANTIOQUIA,05055,ARGELIA,2018,66.86,42.76
1001,05,ANTIOQUIA,05059,ARMENIA,2018,73.27,48.51
1002,05,ANTIOQUIA,05079,BARBOSA,2018,72.58,53.03
1003,05,ANTIOQUIA,05086,BELMIRA,2018,57.91,38.52
1004,05,ANTIOQUIA,05088,BELLO,2018,93.31,92.62
1005,05,ANTIOQUIA,05091,BETANIA,2018,57.08,45.7
1006,05,ANTIOQUIA,05093,BETULIA,2018,72.75,39.54
1007,05,ANTIOQUIA,05101,CIUDAD BOLÍVAR,2018,79.92,65.47
1008,05,ANTIOQUIA,05107,BRICEÑO,2018,56.69,50.94
1009,05,ANTIOQUIA,05113,BURITICÁ,2018,84.18,46.9
1010,05,ANTIOQUIA,05120,CÁCERES,2018,33.96,44.06
1011,05,ANTIOQUIA,05125,CAICEDO,2018,76.43,24.47
1012,05,ANTIOQUIA,05129,CALDAS,2018,95.15,88.44
1013,05,ANTIOQUIA,05134,CAMPAMENTO,2018,54.23,34.8
1014,05,ANTIOQUIA,05138,CAÑASGORDAS,2018,65.49,40.06
1015,05,ANTIOQUIA,05142,CARACOLÍ,2018,82.54,40.59
1016,05,ANTIOQUIA,05145,CARAMANTA,2018,80.15,70.58
1017,05,ANTIOQUIA,05147,CAREPA,2018,82.79,81.12
1018,05,ANTIOQUIA,05148,EL CARMEN DE VIBORAL,2018,94.07,66.85
1019,05,ANTIOQUIA,05150,CAROLINA,2018,86.65,82.91
1020,05,ANTIOQUIA,05154,CAUCASIA,2018,86.17,81.36
1021,05,ANTIOQUIA,05172,CHIGORODÓ,2018,80.48,83.65
1022,05,ANTIOQUIA,05190,CISNEROS,2018,66.31,64.73
1023,05,ANTIOQUIA,05197,COCORNÁ,2018,67.07,44.16
1024,05,ANTIOQUIA,05206,CONCEPCIÓN,2018,51.41,46.92
1025,05,ANTIOQUIA,05209,CONCORDIA,2018,63.23,53.79
1026,05,ANTIOQUIA,05212,COPACABANA,2018,95.91,83.45
1027,05,ANTIOQUIA,05234,DABEIBA,2018,51.3,44.98
1028,05,ANTIOQUIA,05237,DON MATÍAS,2018,89.72,81.24
1029,05,ANTIOQUIA,05240,EBÉJICO,2018,90.54,51.12
1030,05,ANTIOQUIA,05250,EL BAGRE,2018,71.56,48.52
1031,05,ANTIOQUIA,05264,ENTRERRIOS,2018,84.14,62.65
1032,05,ANTIOQUIA,05266,ENVIGADO,2018,98.96,97.34
1033,05,ANTIOQUIA,05282,FREDONIA,2018,82.61,55.81
1034,05,ANTIOQUIA,05284,FRONTINO,2018,71.34,51.89
1035,05,ANTIOQUIA,05306,GIRALDO,2018,85.88,48.23
1036,05,ANTIOQUIA,05308,GIRARDOTA,2018,90.16,70.84
1037,05,ANTIOQUIA,05310,GÓMEZ PLATA,2018,76.01,63.98
1038,05,ANTIOQUIA,05313,GRANADA,2018,88.54,63.4
1039,05,ANTIOQUIA,05315,GUADALUPE,2018,61.01,43.52
1040,05,ANTIOQUIA,05318,GUARNE,2018,89.55,46.87
1041,05,ANTIOQUIA,05321,GUATAPÉ,2018,97.37,80.0
1042,05,ANTIOQUIA,05347,HELICONIA,2018,93.44,68.15
1043,05,ANTIOQUIA,05353,HISPANIA,2018,76.57,70.3
1044,05,ANTIOQUIA,05360,ITAGÜÍ,2018,98.56,99.01
1045,05,ANTIOQUIA,05361,ITUANGO,2018,61.41,46.7
1046,05,ANTIOQUIA,05364,JARDÍN,2018,81.15,58.29
1047,05,ANTIOQUIA,05368,JERICÓ,2018,86.75,69.37
1048,05,ANTIOQUIA,05376,LA CEJA,2018,94.45,90.79
1049,05,ANTIOQUIA,05380,LA ESTRELLA,2018,97.35,93.72
1050,05,ANTIOQUIA,05390,LA PINTADA,2018,95.46,71.01
1051,05,ANTIOQUIA,05400,LA UNIÓN,2018,85.59,67.37
1052,05,ANTIOQUIA,05411,LIBORINA,2018,88.29,53.03
1053,05,ANTIOQUIA,05425,MACEO,2018,69.48,51.08
1054,05,ANTIOQUIA,05440,MARINILLA,2018,98.84,74.88
1055,05,ANTIOQUIA,05467,MONTEBELLO,2018,58.61,34.77
1056,05,ANTIOQUIA,05475,MURINDÓ,2018,3.64,2.66
1057,05,ANTIOQUIA,05480,MUTATÁ,2018,50.33,40.76
1058,05,ANTIOQUIA,05483,NARIÑO,2018,47.14,43.68
1059,05,ANTIOQUIA,05490,NECOCLÍ,2018,41.01,25.19
1060,05,ANTIOQUIA,05495,NECHÍ,2018,58.42,5.38
1061,05,ANTIOQUIA,05501,OLAYA,2018,90.95,45.37
1062,05,ANTIOQUIA,05541,PEÑOL,2018,93.0,62.05
1063,05,ANTIOQUIA,05543,PEQUE,2018,95.45,42.76
1064,05,ANTIOQUIA,05576,PUEBLORRICO,2018,62.12,53.38
1065,05,ANTIOQUIA,05579,PUERTO BERRÍO,2018,93.34,74.57
1066,05,ANTIOQUIA,05585,PUERTO NARE,2018,86.06,77.59
1067,05,ANTIOQUIA,05591,PUERTO TRIUNFO,2018,93.7,86.92
1068,05,ANTIOQUIA,05604,REMEDIOS,2018,70.62,47.62
1069,05,ANTIOQUIA,05607,RETIRO,2018,88.94,73.18
1070,05,ANTIOQUIA,05615,RIONEGRO,2018,99.03,74.19
1071,05,ANTIOQUIA,05628,SABANALARGA,2018,75.17,45.45
1072,05,ANTIOQUIA,05631,SABANETA,2018,99.75,99.58
1073,05,ANTIOQUIA,05642,SALGAR,2018,54.38,48.12
1074,05,ANTIOQUIA,05647,SAN ANDRÉS DE CUERQUÍA,2018,52.48,44.78
1075,05,ANTIOQUIA,05649,SAN CARLOS,2018,92.12,67.94
1076,05,ANTIOQUIA,05652,SAN FRANCISCO,2018,70.47,52.58
1077,05,ANTIOQUIA,05656,SAN JERÓNIMO,2018,83.29,47.74
1078,05,ANTIOQUIA,05658,SAN JOSÉ DE LA MONTAÑA,2018,79.81,67.24
1079,05,ANTIOQUIA,05659,SAN JUAN DE URABÁ,2018,41.55,30.23
1080,05,ANTIOQUIA,05660,SAN LUIS,2018,66.02,61.63
1081,05,ANTIOQUIA,05664,SAN PEDRO DE LOS MILAGROS,2018,87.44,68.57
1082,05,ANTIOQUIA,05665,SAN PEDRO DE URABÁ,2018,46.46,37.48
1083,05,ANTIOQUIA,05667,SAN RAFAEL,2018,67.76,54.23
1084,05,ANTIOQUIA,05670,SAN ROQUE,2018,72.13,53.72
1085,05,ANTIOQUIA,05674,SAN VICENTE,2018,86.53,30.44
1086,05,ANTIOQUIA,05679,SANTA BÁRBARA,2018,86.29,68.28
1087,05,ANTIOQUIA,05686,SANTA ROSA DE OSOS,2018,71.17,57.69
1088,05,ANTIOQUIA,05690,SANTO DOMINGO,2018,53.34,40.95
1089,05,ANTIOQUIA,05697,EL SANTUARIO,2018,94.08,78.7
1090,05,ANTIOQUIA,05736,SEGOVIA,2018,75.01,54.55
1091,05,ANTIOQUIA,05756,SONSÓN,2018,67.23,60.21
1092,05,ANTIOQUIA,05761,SOPETRÁN,2018,88.19,45.88
1093,05,ANTIOQUIA,05789,TÁMESIS,2018,82.37,60.6
1094,05,ANTIOQUIA,05790,TARAZÁ,2018,78.37,65.34
1095,05,ANTIOQUIA,05792,TARSO,2018,63.38,61.1
1096,05,ANTIOQUIA,05809,TITIRIBÍ,2018,88.74,83.98
1097,05,ANTIOQUIA,05819,TOLEDO,2018,78.73,41.84
1098,05,ANTIOQUIA,05837,TURBO,2018,61.95,32.42
1099,05,ANTIOQUIA,05842,URAMITA,2018,49.41,12.41
1100,05,ANTIOQUIA,05847,URRAO,2018,71.59,56.38
1101,05,ANTIOQUIA,05854,VALDIVIA,2018,57.11,29.49
1102,05,ANTIOQUIA,05856,VALPARAÍSO,2018,90.11,72.74
1103,05,ANTIOQUIA,05858,VEGACHÍ,2018,82.95,70.74
1104,05,ANTIOQUIA,05861,VENECIA,2018,91.55,81.0
1105,05,ANTIOQUIA,05873,VIGÍA DEL FUERTE,2018,6.72,1.65
1106,05,ANTIOQUIA,05885,YALÍ,2018,64.74,49.73
1107,05,ANTIOQUIA,05887,YARUMAL,2018,83.7,76.89
1108,05,ANTIOQUIA,05890,YOLOMBÓ,2018,53.55,31.96
1109,05,ANTIOQUIA,05893,YONDÓ,2018,73.75,59.06
1110,05,ANTIOQUIA,05895,ZARAGOZA,2018,47.69,38.13
1111,08,ATLÁNTICO,08000,ATLÁNTICO,2018,96.41,85.46
1112,08,ATLÁNTICO,08001,BARRANQUILLA,2018,98.97,97.84
1113,08,ATLÁNTICO,08078,BARANOA,2018,87.64,36.41
1114,08,ATLÁNTICO,08137,CAMPO DE LA CRUZ,2018,82.63,5.24
1115,08,ATLÁNTICO,08141,CANDELARIA,2018,87.08,57.78
1116,08,ATLÁNTICO,08296,GALAPA,2018,96.16,82.73
1117,08,ATLÁNTICO,08372,JUAN DE ACOSTA,2018,88.45,2.23
1118,08,ATLÁNTICO,08421,LURUACO,2018,85.66,27.87
1119,08,ATLÁNTICO,08433,MALAMBO,2018,94.8,80.56
1120,08,ATLÁNTICO,08436,MANATÍ,2018,87.04,56.53
1121,08,ATLÁNTICO,08520,PALMAR DE VARELA,2018,92.12,39.03
1122,08,ATLÁNTICO,08549,PIOJÓ,2018,76.76,0.82
1123,08,ATLÁNTICO,08558,POLONUEVO,2018,83.5,47.43
1124,08,ATLÁNTICO,08560,PONEDERA,2018,91.79,51.92
1125,08,ATLÁNTICO,08573,PUERTO COLOMBIA,2018,94.42,84.31
1126,08,ATLÁNTICO,08606,REPELÓN,2018,89.47,10.08
1127,08,ATLÁNTICO,08634,SABANAGRANDE,2018,95.1,90.86
1128,08,ATLÁNTICO,08638,SABANALARGA,2018,84.97,66.25
1129,08,ATLÁNTICO,08675,SANTA LUCÍA,2018,85.97,60.4
1130,08,ATLÁNTICO,08685,SANTO TOMÁS,2018,87.7,80.35
1131,08,ATLÁNTICO,08758,SOLEDAD,2018,98.47,89.71
1132,08,ATLÁNTICO,08770,SUAN,2018,93.22,79.94
1133,08,ATLÁNTICO,08832,TUBARÁ,2018,83.09,29.11
1134,08,ATLÁNTICO,08849,USIACURÍ,2018,83.7,42.76
